source_excel_row,survey_date_parsed,report_date,Lockdown,Not Lockdown,intersection,road,reference_flag
6711,2021-04-01,2021-04-01,1,0,บ้านม้า,ศรีบูรพา,0
6712,2021-04-01,2021-04-01,1,0,บ้านม้า,รามคำแหง,0
6713,2021-04-01,2021-04-01,1,0,บ้านม้า,ศรีบูรพา,0
6714,2021-04-01,2021-04-01,1,0,บ้านม้า,รามคำแหง,0
6715,2021-04-01,2021-04-01,1,0,บ้านม้า,ศรีบูรพา,0
6716,2021-04-01,2021-04-01,1,0,บ้านม้า,รามคำแหง,0
6717,2021-04-02,2021-04-02,1,0,สารสิน,วิทยุ,0
6718,2021-04-02,2021-04-02,1,0,สารสิน,สารสิน,0
6719,2021-04-02,2021-04-02,1,0,สารสิน,ซอยร่วมฤดี,0
6720,2021-04-02,2021-04-02,1,0,สารสิน,วิทยุ,0
6721,2021-04-02,2021-04-02,1,0,สารสิน,สารสิน,0
6722,2021-04-02,2021-04-02,1,0,สารสิน,ซอยร่วมฤดี,0
6723,2021-04-02,2021-04-02,1,0,สารสิน,วิทยุ,0
6724,2021-04-02,2021-04-02,1,0,สารสิน,สารสิน,0
6725,2021-04-02,2021-04-02,1,0,สารสิน,ซอยร่วมฤดี,0
6726,2021-04-05,2021-04-05,1,0,สาธุ-จันทน์,สาธุประดิษฐ์,0
6727,2021-04-05,2021-04-05,1,0,สาธุ-จันทน์,จันทน์,0
6728,2021-04-05,2021-04-05,1,0,สาธุ-จันทน์,สาธุประดิษฐ์,0
6729,2021-04-05,2021-04-05,1,0,สาธุ-จันทน์,จันทน์,0
6730,2021-04-05,2021-04-05,1,0,สาธุ-จันทน์,สาธุประดิษฐ์,0
6731,2021-04-05,2021-04-05,1,0,สาธุ-จันทน์,จันทน์,0
6732,2021-04-07,2021-04-07,1,0,อุณากรรณ,อุณากรรณ,0
6733,2021-04-07,2021-04-07,1,0,อุณากรรณ,เจริญกรุง,0
6734,2021-04-07,2021-04-07,1,0,อุณากรรณ,อุณากรรณ,0
6735,2021-04-07,2021-04-07,1,0,อุณากรรณ,เจริญกรุง,0
6736,2021-04-07,2021-04-07,1,0,อุณากรรณ,อุณากรรณ,0
6737,2021-04-07,2021-04-07,1,0,อุณากรรณ,เจริญกรุง,0
6738,2021-04-08,2021-04-08,1,0,พุทธมณฑลสาย2,ซอยเพชรเกษม55,0
6739,2021-04-08,2021-04-08,1,0,พุทธมณฑลสาย2,พุทธมณฑลสาย2,0
6740,2021-04-08,2021-04-08,1,0,พุทธมณฑลสาย2,เพชรเกษม,0
6741,2021-04-08,2021-04-08,1,0,พุทธมณฑลสาย2,ซอยเพชรเกษม55,0
6742,2021-04-08,2021-04-08,1,0,พุทธมณฑลสาย2,พุทธมณฑลสาย2,0
6743,2021-04-08,2021-04-08,1,0,พุทธมณฑลสาย2,เพชรเกษม,0
6744,2021-04-08,2021-04-08,1,0,พุทธมณฑลสาย2,ซอยเพชรเกษม55,0
6745,2021-04-08,2021-04-08,1,0,พุทธมณฑลสาย2,พุทธมณฑลสาย2,0
6746,2021-04-08,2021-04-08,1,0,พุทธมณฑลสาย2,เพชรเกษม,0
6747,2021-04-09,2021-04-09,1,0,พัฒนาการ,ศรีนครินทร์,0
6748,2021-04-09,2021-04-09,1,0,พัฒนาการ,พัฒนาการ,0
6749,2021-04-09,2021-04-09,1,0,พัฒนาการ,ศรีนครินทร์,0
6750,2021-04-09,2021-04-09,1,0,พัฒนาการ,พัฒนาการ,0
6751,2021-04-09,2021-04-09,1,0,พัฒนาการ,ศรีนครินทร์,0
6752,2021-04-09,2021-04-09,1,0,พัฒนาการ,พัฒนาการ,0
6753,2021-04-16,2021-04-16,1,0,ประชาสงเคราะห์,ประชาสงเคราะห์,0
6754,2021-04-16,2021-04-16,1,0,ประชาสงเคราะห์,ดินแดง,0
6755,2021-04-16,2021-04-16,1,0,ประชาสงเคราะห์,ประชาสงเคราะห์,0
6756,2021-04-16,2021-04-16,1,0,ประชาสงเคราะห์,ดินแดง,0
6757,2021-04-16,2021-04-16,1,0,ประชาสงเคราะห์,ประชาสงเคราะห์,0
6758,2021-04-16,2021-04-16,1,0,ประชาสงเคราะห์,ดินแดง,0
17298,2020-03-02,2020-03-02,1,0,ปากซอยพัฒนาการ53,ซอยพัฒนาการ53,0
17299,2020-03-02,2020-03-02,1,0,ปากซอยพัฒนาการ53,ซอยพัฒนาการ53,0
17300,2020-03-02,2020-03-02,1,0,ปากซอยพัฒนาการ53,ซอยพัฒนาการ53,0
17301,2020-03-02,2020-03-02,1,0,ปากซอยพัฒนาการ53,พัฒนาการ,0
17302,2020-03-02,2020-03-02,1,0,ปากซอยพัฒนาการ53,พัฒนาการ,0
17303,2020-03-02,2020-03-02,1,0,ปากซอยพัฒนาการ53,พัฒนาการ,0
17304,2020-03-02,2020-03-02,1,0,ปากซอยพัฒนาการ58,ซอยพัฒนาการ58,0
17305,2020-03-02,2020-03-02,1,0,ปากซอยพัฒนาการ58,ซอยพัฒนาการ58,0
17306,2020-03-02,2020-03-02,1,0,ปากซอยพัฒนาการ58,ซอยพัฒนาการ58,0
17307,2020-03-02,2020-03-02,1,0,ปากซอยพัฒนาการ58,พัฒนาการ,0
17308,2020-03-02,2020-03-02,1,0,ปากซอยพัฒนาการ58,พัฒนาการ,0
17309,2020-03-02,2020-03-02,1,0,ปากซอยพัฒนาการ58,พัฒนาการ,0
17310,2020-03-03,2020-03-03,1,0,ปากซอยเลียบวารี11,เลียบวารี,0
17311,2020-03-03,2020-03-03,1,0,ปากซอยเลียบวารี11,เลียบวารี,0
17312,2020-03-03,2020-03-03,1,0,ปากซอยเลียบวารี11,เลียบวารี,0
17313,2020-03-03,2020-03-03,1,0,ปากซอยเลียบวารี25-27,เลียบวารี,0
17314,2020-03-03,2020-03-03,1,0,ปากซอยเลียบวารี25-27,เลียบวารี,0
17315,2020-03-03,2020-03-03,1,0,ปากซอยเลียบวารี25-27,เลียบวารี,0
17316,2020-03-04,2020-03-04,1,0,ใกล้ซอยประดิษฐ์มนูธรรม15,ประดิษฐ์มนูธรรม,0
17317,2020-03-04,2020-03-04,1,0,ใกล้ซอยประดิษฐ์มนูธรรม15,ประดิษฐ์มนูธรรม,0
17318,2020-03-04,2020-03-04,1,0,ใกล้ซอยประดิษฐ์มนูธรรม15,ประดิษฐ์มนูธรรม,0
17319,2020-03-04,2020-03-04,1,0,ประดิษฐ์มนูธรรม-สังคมสงเคราะห์,ประดิษฐ์มนูธรรม,0
17320,2020-03-04,2020-03-04,1,0,ประดิษฐ์มนูธรรม-สังคมสงเคราะห์,ประดิษฐ์มนูธรรม,0
17321,2020-03-04,2020-03-04,1,0,ประดิษฐ์มนูธรรม-สังคมสงเคราะห์,ประดิษฐ์มนูธรรม,0
17322,2020-03-04,2020-03-04,1,0,ประดิษฐ์มนูธรรม-สังคมสงเคราะห์,สังคมสงเคราะห์,0
17323,2020-03-04,2020-03-04,1,0,ประดิษฐ์มนูธรรม-สังคมสงเคราะห์,สังคมสงเคราะห์,0
17324,2020-03-04,2020-03-04,1,0,ประดิษฐ์มนูธรรม-สังคมสงเคราะห์,สังคมสงเคราะห์,0
17325,2020-03-05,2020-03-05,1,0,หน้าวัดบึงทองหลาง,ซอยลาดพร้าว101,0
17326,2020-03-05,2020-03-05,1,0,หน้าวัดบึงทองหลาง,ซอยลาดพร้าว101,0
17327,2020-03-05,2020-03-05,1,0,หน้าวัดบึงทองหลาง,ซอยลาดพร้าว101,0
17328,2020-03-05,2020-03-05,1,0,ลาดพร้าว101,ซอยลาดพร้าว128/1,0
17329,2020-03-05,2020-03-05,1,0,ลาดพร้าว101,ซอยลาดพร้าว128/1,0
17330,2020-03-05,2020-03-05,1,0,ลาดพร้าว101,ซอยลาดพร้าว128/1,0
17331,2020-03-05,2020-03-05,1,0,ลาดพร้าว101,ซอยลาดพร้าว101,0
17332,2020-03-05,2020-03-05,1,0,ลาดพร้าว101,ซอยลาดพร้าว101,0
17333,2020-03-05,2020-03-05,1,0,ลาดพร้าว101,ซอยลาดพร้าว101,0
17334,2020-03-05,2020-03-05,1,0,ลาดพร้าว101,ลาดพร้าว,0
17335,2020-03-05,2020-03-05,1,0,ลาดพร้าว101,ลาดพร้าว,0
17336,2020-03-05,2020-03-05,1,0,ลาดพร้าว101,ลาดพร้าว,0
17337,2020-03-06,2020-03-06,1,0,ปากซอยพุทธบูชา36,ซอยพุทธบูชา36,0
17338,2020-03-06,2020-03-06,1,0,ปากซอยพุทธบูชา36,ซอยพุทธบูชา36,0
17339,2020-03-06,2020-03-06,1,0,ปากซอยพุทธบูชา36,ซอยพุทธบูชา36,0
17340,2020-03-06,2020-03-06,1,0,พุทธบูชา36-ซอยตำหนักเสด็จพ่อโกมินทร์,ซอยพุทธบูชา36,0
17341,2020-03-06,2020-03-06,1,0,พุทธบูชา36-ซอยตำหนักเสด็จพ่อโกมินทร์,ซอยพุทธบูชา36,0
17342,2020-03-06,2020-03-06,1,0,พุทธบูชา36-ซอยตำหนักเสด็จพ่อโกมินทร์,ซอยพุทธบูชา36,0
17343,2020-03-06,2020-03-06,1,0,หมู่บ้านอลิชา2,ซอยหมู่บ้านอลิชา2,0
17344,2020-03-06,2020-03-06,1,0,หมู่บ้านอลิชา2,ซอยหมู่บ้านอลิชา2,0
17345,2020-03-06,2020-03-06,1,0,หมู่บ้านอลิชา2,ซอยหมู่บ้านอลิชา2,0
17346,2020-03-06,2020-03-06,1,0,ท้ายซอยพุทธบูชา36,ซอยพุทธบูชา36,0
17347,2020-03-06,2020-03-06,1,0,ท้ายซอยพุทธบูชา36,ซอยพุทธบูชา36,0
17348,2020-03-06,2020-03-06,1,0,ท้ายซอยพุทธบูชา36,ซอยพุทธบูชา36,0
17349,2020-03-09,2020-03-09,1,0,ยมราช,หลานหลวง,0
17350,2020-03-09,2020-03-09,1,0,ยมราช,หลานหลวง,0
17351,2020-03-09,2020-03-09,1,0,ยมราช,หลานหลวง,0
17352,2020-03-09,2020-03-09,1,0,ยมราช,สวรรคโลก,0
17353,2020-03-09,2020-03-09,1,0,ยมราช,สวรรคโลก,0
17354,2020-03-09,2020-03-09,1,0,ยมราช,สวรรคโลก,0
17355,2020-03-09,2020-03-09,1,0,ยมราช,พิษณุโลก,0
17356,2020-03-09,2020-03-09,1,0,ยมราช,พิษณุโลก,0
17357,2020-03-09,2020-03-09,1,0,ยมราช,พิษณุโลก,0
17358,2020-03-09,2020-03-09,1,0,ยมราช,เพชรบุรี,0
17359,2020-03-09,2020-03-09,1,0,ยมราช,เพชรบุรี,0
17360,2020-03-09,2020-03-09,1,0,ยมราช,เพชรบุรี,0
17361,2020-03-10,2020-03-10,1,0,ใกล้ซอยหทัยราษฎร์37,หทัยราษฎร์,0
17362,2020-03-10,2020-03-10,1,0,ใกล้ซอยหทัยราษฎร์37,หทัยราษฎร์,0
17363,2020-03-10,2020-03-10,1,0,ใกล้ซอยหทัยราษฎร์37,หทัยราษฎร์,0
17364,2020-03-10,2020-03-10,1,0,หทัยราษฎร์-หทัยมิตร,หทัยราษฎร์,0
17365,2020-03-10,2020-03-10,1,0,หทัยราษฎร์-หทัยมิตร,หทัยราษฎร์,0
17366,2020-03-10,2020-03-10,1,0,หทัยราษฎร์-หทัยมิตร,หทัยราษฎร์,0
17367,2020-03-10,2020-03-10,1,0,หทัยราษฎร์-หทัยมิตร,หทัยมิตร,0
17368,2020-03-10,2020-03-10,1,0,หทัยราษฎร์-หทัยมิตร,หทัยมิตร,0
17369,2020-03-10,2020-03-10,1,0,หทัยราษฎร์-หทัยมิตร,หทัยมิตร,0
17370,2020-03-11,2020-03-11,1,0,หน้าโรงเรียนอินเตอร์คิดส์,ประชาร่วมใจ,0
17371,2020-03-11,2020-03-11,1,0,หน้าโรงเรียนอินเตอร์คิดส์,ประชาร่วมใจ,0
17372,2020-03-11,2020-03-11,1,0,หน้าโรงเรียนอินเตอร์คิดส์,ประชาร่วมใจ,0
17373,2020-03-11,2020-03-11,1,0,ใกล้ซอยราษฎร์อุทิศ24,ราษฎร์อุทิศ,0
17374,2020-03-11,2020-03-11,1,0,ใกล้ซอยราษฎร์อุทิศ24,ราษฎร์อุทิศ,0
17375,2020-03-11,2020-03-11,1,0,ใกล้ซอยราษฎร์อุทิศ24,ราษฎร์อุทิศ,0
17376,2020-03-12,2020-03-12,1,0,วดัเบญ,พระรามที่5,0
17377,2020-03-12,2020-03-12,1,0,วดัเบญ,พระรามที่5,0
17378,2020-03-12,2020-03-12,1,0,วดัเบญ,พระรามที่5,0
17379,2020-03-12,2020-03-12,1,0,วดัเบญ,ศรีอยุธยา,0
17380,2020-03-12,2020-03-12,1,0,วดัเบญ,ศรีอยุธยา,0
17381,2020-03-12,2020-03-12,1,0,วดัเบญ,ศรีอยุธยา,0
17382,2020-03-13,2020-03-13,1,0,เสาวณี,สวรรคโลก,0
17383,2020-03-13,2020-03-13,1,0,เสาวณี,สวรรคโลก,0
17384,2020-03-13,2020-03-13,1,0,เสาวณี,สวรรคโลก,0
17385,2020-03-13,2020-03-13,1,0,เสาวณี,ศรีอยุธยา,0
17386,2020-03-13,2020-03-13,1,0,เสาวณี,ศรีอยุธยา,0
17387,2020-03-13,2020-03-13,1,0,เสาวณี,ศรีอยุธยา,0
17388,2020-03-16,2020-03-16,1,0,วิชัยยุทธ,พระรามที่6,0
17389,2020-03-16,2020-03-16,1,0,วิชัยยุทธ,พระรามที่6,0
17390,2020-03-16,2020-03-16,1,0,วิชัยยุทธ,พระรามที่6,0
17391,2020-03-16,2020-03-16,1,0,วิชัยยุทธ,ซอยเศรษฐศิริ,0
17392,2020-03-16,2020-03-16,1,0,วิชัยยุทธ,ซอยเศรษฐศิริ,0
17393,2020-03-16,2020-03-16,1,0,วิชัยยุทธ,ซอยเศรษฐศิริ,0
17394,2020-03-16,2020-03-16,1,0,วิชัยยุทธ,ทางขึ้นลงทางด่วน,0
17395,2020-03-16,2020-03-16,1,0,วิชัยยุทธ,ทางขึ้นลงทางด่วน,0
17396,2020-03-16,2020-03-16,1,0,วิชัยยุทธ,ทางขึ้นลงทางด่วน,0
17397,2020-03-18,2020-03-18,1,0,ปากซอยลาดกระบัง11,ลาดกระบัง,0
17398,2020-03-18,2020-03-18,1,0,ปากซอยลาดกระบัง11,ลาดกระบัง,0
17399,2020-03-18,2020-03-18,1,0,ปากซอยลาดกระบัง11,ลาดกระบัง,0
17400,2020-03-18,2020-03-18,1,0,ลาดกระบัง-ฉลองกรุง,ฉลองกรุง,0
17401,2020-03-18,2020-03-18,1,0,ลาดกระบัง-ฉลองกรุง,ฉลองกรุง,0
17402,2020-03-18,2020-03-18,1,0,ลาดกระบัง-ฉลองกรุง,ฉลองกรุง,0
17403,2020-03-18,2020-03-18,1,0,ลาดกระบัง-ฉลองกรุง,ลาดกระบัง,0
17404,2020-03-18,2020-03-18,1,0,ลาดกระบัง-ฉลองกรุง,ลาดกระบัง,0
17405,2020-03-18,2020-03-18,1,0,ลาดกระบัง-ฉลองกรุง,ลาดกระบัง,0
17406,2020-03-20,2020-03-20,1,0,วิชัยยุทธ2,พระรามที่6,0
17407,2020-03-20,2020-03-20,1,0,วิชัยยุทธ2,พระรามที่6,0
17408,2020-03-20,2020-03-20,1,0,วิชัยยุทธ2,พระรามที่6,0
17409,2020-03-20,2020-03-20,1,0,วิชัยยุทธ2,ซอยเศรษฐศิริ2,0
17410,2020-03-20,2020-03-20,1,0,วิชัยยุทธ2,ซอยเศรษฐศิริ2,0
17411,2020-03-20,2020-03-20,1,0,วิชัยยุทธ2,ซอยเศรษฐศิริ2,0
17412,2020-03-20,2020-03-20,1,0,โรงกรองน้ำ,พระรามที่6,0
17413,2020-03-20,2020-03-20,1,0,โรงกรองน้ำ,พระรามที่6,0
17414,2020-03-20,2020-03-20,1,0,โรงกรองน้ำ,พระรามที่6,0
17415,2020-03-20,2020-03-20,1,0,โรงกรองน้ำ,นครไชยศรี,0
17416,2020-03-20,2020-03-20,1,0,โรงกรองน้ำ,นครไชยศรี,0
17417,2020-03-20,2020-03-20,1,0,โรงกรองน้ำ,นครไชยศรี,0
