source_excel_row,survey_date_parsed,intersection_key,road_key,time_key,Lockdown,vph
4958,2020-01-09,บ้านม้า,ศรีบูรพา,07:00-09:00,0,1387.0
4959,2020-01-09,บ้านม้า,รามคำแหง,07:00-09:00,0,1566.0
4960,2020-01-09,บ้านม้า,ศรีบูรพา,16:00-19:00,0,997.6666666666666
4961,2020-01-09,บ้านม้า,รามคำแหง,16:00-19:00,0,2243.6666666666665
4962,2020-01-09,บ้านม้า,ศรีบูรพา,09:00-16:00,0,1201.142857142857
4963,2020-01-09,บ้านม้า,รามคำแหง,09:00-16:00,0,2047.142857142857
5274,2020-03-26,ประดิพัทธ์,ประดิพัทธ์,07:00-09:00,1,1426.5
5275,2020-03-26,ประดิพัทธ์,ประดิพัทธ์,16:00-19:00,1,1140.6666666666667
5276,2020-03-26,ประดิพัทธ์,ประดิพัทธ์,09:00-16:00,1,1099.857142857143
5277,2020-03-27,บ้านแขก,ประชาธิปก,07:00-09:00,1,3451.5
5278,2020-03-27,บ้านแขก,อิสรภาพ,07:00-09:00,1,886.5
5279,2020-03-27,บ้านแขก,ประชาธิปก,16:00-19:00,1,3818.6666666666665
5280,2020-03-27,บ้านแขก,อิสรภาพ,16:00-19:00,1,902.6666666666666
5281,2020-03-27,บ้านแขก,ประชาธิปก,09:00-16:00,1,2867.4285714285716
5282,2020-03-27,บ้านแขก,อิสรภาพ,09:00-16:00,1,812.2857142857143
5512,2020-07-16,โรงกรองน้ำ,พระรามที่6,09:00-16:00,0,2165.285714285714
5513,2020-07-16,โรงกรองน้ำ,นครไชยศรี,09:00-16:00,0,894.4285714285714
5520,2020-07-20,ประดิพัทธ์,พระรามที่6,07:00-09:00,0,2404.0
5521,2020-07-20,ประดิพัทธ์,ประดิพัทธ์,07:00-09:00,0,1519.5
5522,2020-07-20,ประดิพัทธ์,พระรามที่6,16:00-19:00,0,2443.0
5523,2020-07-20,ประดิพัทธ์,ประดิพัทธ์,16:00-19:00,0,1342.3333333333333
5524,2020-07-20,ประดิพัทธ์,พระรามที่6,09:00-16:00,0,2202.285714285714
5525,2020-07-20,ประดิพัทธ์,ประดิพัทธ์,09:00-16:00,0,1299.857142857143
5652,2020-08-10,ประชาชื่น,ประชาชื่น,07:00-09:00,0,1269.5
5654,2020-08-10,ประชาชื่น,ประชาชื่น,16:00-19:00,0,659.6666666666666
5656,2020-08-10,ประชาชื่น,ประชาชื่น,09:00-16:00,0,1129.857142857143
5697,2020-08-14,ประชานุกูล,ประชาชื่น,07:00-09:00,0,2452.5
5699,2020-08-14,ประชานุกูล,ประชาชื่น,16:00-19:00,0,2545.3333333333335
5701,2020-08-14,ประชานุกูล,ประชาชื่น,09:00-16:00,0,2725.5714285714284
5831,2020-08-28,บางขุนนนท์,จรัญสนิทวงศ์,07:00-09:00,0,3770.0
5833,2020-08-28,บางขุนนนท์,จรัญสนิทวงศ์,16:00-19:00,0,2391.3333333333335
5837,2020-08-28,บางขุนนนท์,จรัญสนิทวงศ์,09:00-16:00,0,3633.8571428571427
5838,2020-08-28,บางขุนนนท์,บางกอกน้อยตลิ่งชัน,09:00-16:00,0,663.7142857142857
5839,2020-08-28,บางขุนนนท์,ซอยจรัญสนิทวงศ์32,09:00-16:00,0,29.142857142857142
5922,2020-10-27,บางโพ,ประชาราษฎร์สาย1,07:00-09:00,0,1799.5
5923,2020-10-27,บางโพ,ประชาราษฎร์สาย2,07:00-09:00,0,784.0
5924,2020-10-27,บางโพ,ประชาราษฎร์สาย1,16:00-19:00,0,1900.3333333333333
5925,2020-10-27,บางโพ,ประชาราษฎร์สาย2,16:00-19:00,0,761.0
5926,2020-10-27,บางโพ,ประชาราษฎร์สาย1,09:00-16:00,0,1959.4285714285713
5927,2020-10-27,บางโพ,ประชาราษฎร์สาย2,09:00-16:00,0,923.8571428571429
6006,2020-11-11,สรงประภา-นาวงศ์ประชาพัฒนา,นาวงศ์ประชาพัฒนา,07:00-09:00,0,683.5
6007,2020-11-11,สรงประภา-นาวงศ์ประชาพัฒนา,สรงประภา,07:00-09:00,0,2969.0
6008,2020-11-11,สรงประภา-นาวงศ์ประชาพัฒนา,นาวงศ์ประชาพัฒนา,16:00-19:00,0,993.6666666666666
6009,2020-11-11,สรงประภา-นาวงศ์ประชาพัฒนา,สรงประภา,16:00-19:00,0,2531.6666666666665
6010,2020-11-11,สรงประภา-นาวงศ์ประชาพัฒนา,นาวงศ์ประชาพัฒนา,09:00-16:00,0,863.4285714285714
6011,2020-11-11,สรงประภา-นาวงศ์ประชาพัฒนา,สรงประภา,09:00-16:00,0,2448.5714285714284
6153,2020-12-14,เดโช,เดโช,07:00-09:00,0,311.0
6154,2020-12-14,เดโช,สีลม,07:00-09:00,0,2003.0
6155,2020-12-14,เดโช,เดโช,16:00-19:00,0,248.66666666666666
6156,2020-12-14,เดโช,สีลม,16:00-19:00,0,1162.6666666666667
6157,2020-12-14,เดโช,เดโช,09:00-16:00,0,278.14285714285717
6158,2020-12-14,เดโช,สีลม,09:00-16:00,0,2027.142857142857
6186,2020-12-21,สามเสน,สวรรคโลก,07:00-09:00,0,1200.5
6187,2020-12-21,สามเสน,เทอดดำริ,07:00-09:00,0,890.0
6188,2020-12-21,สามเสน,นครไชยศรี,07:00-09:00,0,1013.0
6189,2020-12-21,สามเสน,สวรรคโลก,16:00-19:00,0,896.3333333333334
6190,2020-12-21,สามเสน,เทอดดำริ,16:00-19:00,0,706.6666666666666
6191,2020-12-21,สามเสน,นครไชยศรี,16:00-19:00,0,885.0
6192,2020-12-21,สามเสน,สวรรคโลก,09:00-16:00,0,1158.142857142857
6193,2020-12-21,สามเสน,เทอดดำริ,09:00-16:00,0,595.0
6194,2020-12-21,สามเสน,นครไชยศรี,09:00-16:00,0,908.2857142857143
6273,2021-01-07,สุรศักดิ์,มเหสักข์,07:00-09:00,0,708.0
6274,2021-01-07,สุรศักดิ์,สีลม,07:00-09:00,0,2584.5
6275,2021-01-07,สุรศักดิ์,มเหสักข์,16:00-19:00,0,739.0
6276,2021-01-07,สุรศักดิ์,สีลม,16:00-19:00,0,2243.3333333333335
6277,2021-01-07,สุรศักดิ์,มเหสักข์,09:00-16:00,0,870.0
6278,2021-01-07,สุรศักดิ์,สีลม,09:00-16:00,0,2378.4285714285716
6477,2021-02-17,โพธิ์สามต้น,อิสรภาพ,07:00-09:00,0,1750.5
6478,2021-02-17,โพธิ์สามต้น,วังเดิม,07:00-09:00,0,289.0
6479,2021-02-17,โพธิ์สามต้น,อิสรภาพ,16:00-19:00,0,1307.6666666666667
6480,2021-02-17,โพธิ์สามต้น,วังเดิม,16:00-19:00,0,347.6666666666667
6481,2021-02-17,โพธิ์สามต้น,อิสรภาพ,09:00-16:00,0,1297.0
6482,2021-02-17,โพธิ์สามต้น,วังเดิม,09:00-16:00,0,327.42857142857144
6485,2021-02-18,จันทน์-นราธิวาส,นราธิวาสราชนครินทร์,16:00-19:00,0,2522.3333333333335
6486,2021-02-18,จันทน์-นราธิวาส,จันทน์,16:00-19:00,0,930.3333333333334
6487,2021-02-18,จันทน์-นราธิวาส,นราธิวาสราชนครินทร์,09:00-16:00,0,2406.0
6488,2021-02-18,จันทน์-นราธิวาส,จันทน์,09:00-16:00,0,951.0
6552,2021-03-04,บางยี่เรือ,เทอดไท,07:00-09:00,0,565.5
6555,2021-03-04,บางยี่เรือ,เทอดไท,16:00-19:00,0,371.0
6558,2021-03-04,บางยี่เรือ,เทอดไท,09:00-16:00,0,372.2857142857143
6711,2021-04-01,บ้านม้า,ศรีบูรพา,07:00-09:00,1,1366.0
6712,2021-04-01,บ้านม้า,รามคำแหง,07:00-09:00,1,2404.0
6713,2021-04-01,บ้านม้า,ศรีบูรพา,16:00-19:00,1,1060.6666666666667
6714,2021-04-01,บ้านม้า,รามคำแหง,16:00-19:00,1,2563.3333333333335
6715,2021-04-01,บ้านม้า,ศรีบูรพา,09:00-16:00,1,880.4285714285714
6716,2021-04-01,บ้านม้า,รามคำแหง,09:00-16:00,1,2686.5714285714284
6771,2021-04-20,วิสุทธิกษัตริย์,ประชาธิปไตย,07:00-09:00,0,593.5
6772,2021-04-20,วิสุทธิกษัตริย์,วิสุทธิกษัตริย์,07:00-09:00,0,3188.0
6773,2021-04-20,วิสุทธิกษัตริย์,ประชาธิปไตย,16:00-19:00,0,621.3333333333334
6774,2021-04-20,วิสุทธิกษัตริย์,วิสุทธิกษัตริย์,16:00-19:00,0,1438.6666666666667
6775,2021-04-20,วิสุทธิกษัตริย์,ประชาธิปไตย,09:00-16:00,0,712.1428571428571
6776,2021-04-20,วิสุทธิกษัตริย์,วิสุทธิกษัตริย์,09:00-16:00,0,2253.8571428571427
6966,2021-05-31,บ้านแขก,ประชาธิปก,07:00-09:00,0,4081.5
6967,2021-05-31,บ้านแขก,อิสรภาพ,07:00-09:00,0,1128.5
6968,2021-05-31,บ้านแขก,ประชาธิปก,16:00-19:00,0,3976.0
6969,2021-05-31,บ้านแขก,อิสรภาพ,16:00-19:00,0,1137.0
6970,2021-05-31,บ้านแขก,ประชาธิปก,09:00-16:00,0,4299.0
6971,2021-05-31,บ้านแขก,อิสรภาพ,09:00-16:00,0,1021.7142857142857
6986,2021-06-02,หน้ารพ.รามาธิบดี,พระรามที่6,07:00-09:00,0,3578.0
6989,2021-06-02,หน้ารพ.รามาธิบดี,พระรามที่6,16:00-19:00,0,3424.0
6992,2021-06-02,หน้ารพ.รามาธิบดี,พระรามที่6,09:00-16:00,0,3178.5714285714284
7056,2021-06-15,เตาปูน,ซอยน้ำชัย,07:00-09:00,0,9.5
7058,2021-06-15,เตาปูน,ประชาราษฎร์สาย2,07:00-09:00,0,1383.0
7059,2021-06-15,เตาปูน,ซอยน้ำชัย,16:00-19:00,0,15.333333333333334
7061,2021-06-15,เตาปูน,ประชาราษฎร์สาย2,16:00-19:00,0,1828.0
7062,2021-06-15,เตาปูน,ซอยน้ำชัย,09:00-16:00,0,10.0
7064,2021-06-15,เตาปูน,ประชาราษฎร์สาย2,09:00-16:00,0,1485.7142857142858
7107,2021-06-24,ถนนตก,เจริญกรุง,07:00-09:00,0,1323.5
7108,2021-06-24,ถนนตก,พระรามที่3,07:00-09:00,0,2557.5
7109,2021-06-24,ถนนตก,เจริญกรุง,16:00-19:00,0,1013.6666666666666
7110,2021-06-24,ถนนตก,พระรามที่3,16:00-19:00,0,2103.6666666666665
7111,2021-06-24,ถนนตก,เจริญกรุง,09:00-16:00,0,1143.142857142857
7112,2021-06-24,ถนนตก,พระรามที่3,09:00-16:00,0,2289.0
7179,2021-07-06,หน้าธนาคารแห่งประเทศไทย,สามเสน,07:00-09:00,0,1137.0
7185,2021-07-06,หน้าธนาคารแห่งประเทศไทย,สามเสน,16:00-19:00,0,660.0
7191,2021-07-06,หน้าธนาคารแห่งประเทศไทย,สามเสน,09:00-16:00,0,944.5714285714286
7416,2021-08-03,ใกล้วัดดิสหงษาราม,เพชรบุรี,07:00-09:00,1,2528.5
7423,2021-08-03,ใกล้วัดดิสหงษาราม,เพชรบุรี,16:00-19:00,1,1970.6666666666667
7430,2021-08-03,ใกล้วัดดิสหงษาราม,เพชรบุรี,09:00-16:00,1,1994.0
7491,2021-08-10,หน้ารพ.พญาไท2,พหลโยธิน,07:00-09:00,1,2148.5
7495,2021-08-10,หน้ารพ.พญาไท2,พหลโยธิน,16:00-19:00,1,2892.6666666666665
7499,2021-08-10,หน้ารพ.พญาไท2,พหลโยธิน,09:00-16:00,1,2496.1428571428573
7508,2021-08-13,หน้ารพ.รามาธิบดี,พระรามที่6,07:00-09:00,1,3272.5
7511,2021-08-13,หน้ารพ.รามาธิบดี,พระรามที่6,16:00-19:00,1,2556.3333333333335
7514,2021-08-13,หน้ารพ.รามาธิบดี,พระรามที่6,09:00-16:00,1,3119.5714285714284
7515,2021-08-16,ห้วยขวาง,รัชดาภิเษก,07:00-09:00,1,786.5
7516,2021-08-16,ห้วยขวาง,ประชาสงเคราะห์,07:00-09:00,1,496.0
7519,2021-08-16,ห้วยขวาง,รัชดาภิเษก,16:00-19:00,1,1198.3333333333333
7520,2021-08-16,ห้วยขวาง,ประชาสงเคราะห์,16:00-19:00,1,394.0
7523,2021-08-16,ห้วยขวาง,รัชดาภิเษก,09:00-16:00,1,1159.142857142857
7524,2021-08-16,ห้วยขวาง,ประชาสงเคราะห์,09:00-16:00,1,464.42857142857144
7530,2021-08-18,บุคคโล,เจริญนคร,07:00-09:00,1,2773.0
7535,2021-08-18,บุคคโล,เจริญนคร,16:00-19:00,1,2890.0
7540,2021-08-18,บุคคโล,เจริญนคร,09:00-16:00,1,2880.285714285714
7546,2021-08-19,ถนนตก,พระรามที่3,07:00-09:00,1,3890.5
7548,2021-08-19,ถนนตก,เจริญกรุง,07:00-09:00,1,723.5
7549,2021-08-19,หน้าธนาคารแห่งประเทศไทย,สามเสน,07:00-09:00,1,671.0
7551,2021-08-19,ถนนตก,พระรามที่3,16:00-19:00,1,3259.6666666666665
7553,2021-08-19,ถนนตก,เจริญกรุง,16:00-19:00,1,489.3333333333333
7554,2021-08-19,หน้าธนาคารแห่งประเทศไทย,สามเสน,16:00-19:00,1,684.6666666666666
7556,2021-08-19,ถนนตก,พระรามที่3,09:00-16:00,1,2842.1428571428573
7558,2021-08-19,ถนนตก,เจริญกรุง,09:00-16:00,1,598.8571428571429
7559,2021-08-19,หน้าธนาคารแห่งประเทศไทย,สามเสน,09:00-16:00,1,697.0
7562,2021-08-20,ประดิพัทธ์,พระรามที่6,07:00-09:00,1,1470.5
7563,2021-08-20,ประดิพัทธ์,ประดิพัทธ์,07:00-09:00,1,1577.0
7572,2021-08-20,ประดิพัทธ์,พระรามที่6,16:00-19:00,1,1624.0
7573,2021-08-20,ประดิพัทธ์,ประดิพัทธ์,16:00-19:00,1,1248.6666666666667
7576,2021-08-20,ประดิพัทธ์,พระรามที่6,09:00-16:00,1,1575.2857142857142
7577,2021-08-20,ประดิพัทธ์,ประดิพัทธ์,09:00-16:00,1,1326.857142857143
7578,2021-08-23,เดโช,เดโช,07:00-09:00,1,271.0
7579,2021-08-23,เดโช,สีลม,07:00-09:00,1,1552.5
7581,2021-08-23,เดโช,เดโช,16:00-19:00,1,183.66666666666666
7582,2021-08-23,เดโช,สีลม,16:00-19:00,1,1416.0
7584,2021-08-23,เดโช,เดโช,09:00-16:00,1,231.14285714285714
7585,2021-08-23,เดโช,สีลม,09:00-16:00,1,1719.7142857142858
7596,2021-08-25,วิสุทธิกษัตริย์,ประชาธิปไตย,07:00-09:00,1,905.5
7597,2021-08-25,วิสุทธิกษัตริย์,วิสุทธิกษัตริย์,07:00-09:00,1,1704.5
7599,2021-08-25,บางยี่เรือ,เทอดไท,07:00-09:00,1,1208.5
7600,2021-08-25,วิสุทธิกษัตริย์,ประชาธิปไตย,16:00-19:00,1,475.3333333333333
7601,2021-08-25,วิสุทธิกษัตริย์,วิสุทธิกษัตริย์,16:00-19:00,1,1022.0
7603,2021-08-25,บางยี่เรือ,เทอดไท,16:00-19:00,1,1366.0
7604,2021-08-25,วิสุทธิกษัตริย์,ประชาธิปไตย,09:00-16:00,1,743.0
7605,2021-08-25,วิสุทธิกษัตริย์,วิสุทธิกษัตริย์,09:00-16:00,1,1143.0
7607,2021-08-25,บางยี่เรือ,เทอดไท,09:00-16:00,1,1397.2857142857142
7622,2021-08-27,หน้าธนาคารแห่งประเทศไทย,สามเสน,07:00-09:00,1,701.0
7626,2021-08-27,หน้าธนาคารแห่งประเทศไทย,สามเสน,16:00-19:00,1,379.3333333333333
7630,2021-08-27,หน้าธนาคารแห่งประเทศไทย,สามเสน,09:00-16:00,1,471.42857142857144
7632,2021-08-30,สุรศักดิ์,มเหสักข์,07:00-09:00,1,958.0
7633,2021-08-30,สุรศักดิ์,สีลม,07:00-09:00,1,2096.0
7634,2021-08-30,สุรศักดิ์,มเหสักข์,16:00-19:00,1,628.3333333333334
7635,2021-08-30,สุรศักดิ์,สีลม,16:00-19:00,1,1977.6666666666667
7636,2021-08-30,สุรศักดิ์,มเหสักข์,09:00-16:00,1,766.4285714285714
7637,2021-08-30,สุรศักดิ์,สีลม,09:00-16:00,1,2191.8571428571427
7639,2021-08-31,หมอเหล็ง,ศรีอยุธยา,07:00-09:00,1,740.0
7642,2021-08-31,หมอเหล็ง,ศรีอยุธยา,16:00-19:00,1,798.6666666666666
7644,2021-08-31,หมอเหล็ง,ราชปรารภ,09:00-16:00,1,2020.2857142857142
7645,2021-08-31,หมอเหล็ง,ศรีอยุธยา,09:00-16:00,1,781.1428571428571
7646,2021-08-31,หมอเหล็ง,จตุรทิศ,09:00-16:00,1,59.42857142857143
7647,2021-09-01,ประชานุกูล,ประชาชื่น,07:00-09:00,1,2870.0
7649,2021-09-01,ประชานุกูล,ประชาชื่น,16:00-19:00,1,2055.3333333333335
7651,2021-09-01,ประชานุกูล,ประชาชื่น,09:00-16:00,1,2589.0
7659,2021-09-02,โพธิ์สามต้น,อิสรภาพ,07:00-09:00,1,1321.5
7660,2021-09-02,โพธิ์สามต้น,วังเดิม,07:00-09:00,1,377.0
7661,2021-09-02,โพธิ์สามต้น,อิสรภาพ,16:00-19:00,1,1312.0
7662,2021-09-02,โพธิ์สามต้น,วังเดิม,16:00-19:00,1,294.6666666666667
7663,2021-09-02,โพธิ์สามต้น,อิสรภาพ,09:00-16:00,1,1236.857142857143
7664,2021-09-02,โพธิ์สามต้น,วังเดิม,09:00-16:00,1,336.0
7677,2021-09-06,เตาปูน,ซอยน้ำชัย,07:00-09:00,1,4.0
7679,2021-09-06,เตาปูน,ประชาราษฎร์สาย2,07:00-09:00,1,1041.0
7682,2021-09-06,เตาปูน,ซอยน้ำชัย,16:00-19:00,1,2.6666666666666665
7684,2021-09-06,เตาปูน,ประชาราษฎร์สาย2,16:00-19:00,1,1521.6666666666667
7687,2021-09-06,เตาปูน,ซอยน้ำชัย,09:00-16:00,1,3.2857142857142856
7689,2021-09-06,เตาปูน,ประชาราษฎร์สาย2,09:00-16:00,1,1329.2857142857142
7692,2021-09-07,บางโพ,ประชาราษฎร์สาย1,07:00-09:00,1,1877.5
7693,2021-09-07,บางโพ,ประชาราษฎร์สาย2,07:00-09:00,1,601.0
7696,2021-09-07,บางโพ,ประชาราษฎร์สาย1,16:00-19:00,1,2028.3333333333333
7697,2021-09-07,บางโพ,ประชาราษฎร์สาย2,16:00-19:00,1,728.6666666666666
7700,2021-09-07,บางโพ,ประชาราษฎร์สาย1,09:00-16:00,1,1850.2857142857142
7701,2021-09-07,บางโพ,ประชาราษฎร์สาย2,09:00-16:00,1,752.2857142857143
7708,2021-09-08,โรงกรองน้ำ,พระรามที่6,09:00-16:00,1,2266.4285714285716
7709,2021-09-08,โรงกรองน้ำ,นครไชยศรี,09:00-16:00,1,680.8571428571429
7710,2021-09-10,สามเสน,สวรรคโลก,07:00-09:00,1,1097.0
7711,2021-09-10,สามเสน,เทอดดำริ,07:00-09:00,1,638.5
7712,2021-09-10,สามเสน,นครไชยศรี,07:00-09:00,1,1107.0
7713,2021-09-10,สามเสน,สวรรคโลก,16:00-19:00,1,1095.0
7714,2021-09-10,สามเสน,เทอดดำริ,16:00-19:00,1,478.3333333333333
7715,2021-09-10,สามเสน,นครไชยศรี,16:00-19:00,1,1098.3333333333333
7716,2021-09-10,สามเสน,สวรรคโลก,09:00-16:00,1,1140.0
7717,2021-09-10,สามเสน,เทอดดำริ,09:00-16:00,1,555.1428571428571
7718,2021-09-10,สามเสน,นครไชยศรี,09:00-16:00,1,1145.7142857142858
7720,2021-09-13,ท่าพระ,จรัญสนิทวงศ์,07:00-09:00,1,1141.0
7722,2021-09-13,สรงประภา-นาวงศ์ประชาพัฒนา,นาวงศ์ประชาพัฒนา,07:00-09:00,1,620.5
7723,2021-09-13,สรงประภา-นาวงศ์ประชาพัฒนา,สรงประภา,07:00-09:00,1,1857.0
7724,2021-09-13,บางขุนนนท์,จรัญสนิทวงศ์,07:00-09:00,1,2338.0
7727,2021-09-13,ประชาชื่น,ประชาชื่น,07:00-09:00,1,1377.0
7730,2021-09-13,ท่าพระ,จรัญสนิทวงศ์,16:00-19:00,1,1326.0
7732,2021-09-13,สรงประภา-นาวงศ์ประชาพัฒนา,นาวงศ์ประชาพัฒนา,16:00-19:00,1,861.6666666666666
7733,2021-09-13,สรงประภา-นาวงศ์ประชาพัฒนา,สรงประภา,16:00-19:00,1,2596.0
7734,2021-09-13,บางขุนนนท์,จรัญสนิทวงศ์,16:00-19:00,1,2170.0
7737,2021-09-13,ประชาชื่น,ประชาชื่น,16:00-19:00,1,542.3333333333334
7739,2021-09-13,ท่าพระ,รัชดาภิเษก,09:00-16:00,1,1003.7142857142857
7740,2021-09-13,ท่าพระ,จรัญสนิทวงศ์,09:00-16:00,1,1402.5714285714287
7741,2021-09-13,ท่าพระ,เพชรเกษม,09:00-16:00,1,2872.4285714285716
7742,2021-09-13,สรงประภา-นาวงศ์ประชาพัฒนา,นาวงศ์ประชาพัฒนา,09:00-16:00,1,727.2857142857143
7743,2021-09-13,สรงประภา-นาวงศ์ประชาพัฒนา,สรงประภา,09:00-16:00,1,2055.285714285714
7744,2021-09-13,บางขุนนนท์,จรัญสนิทวงศ์,09:00-16:00,1,2115.5714285714284
7745,2021-09-13,บางขุนนนท์,บางกอกน้อยตลิ่งชัน,09:00-16:00,1,533.1428571428571
7746,2021-09-13,บางขุนนนท์,ซอยจรัญสนิทวงศ์32,09:00-16:00,1,19.142857142857142
7747,2021-09-13,ประชาชื่น,ประชาชื่น,09:00-16:00,1,795.1428571428571
7778,2021-09-20,จันทน์-นราธิวาส,นราธิวาสราชนครินทร์,16:00-19:00,1,2047.3333333333333
7779,2021-09-20,จันทน์-นราธิวาส,จันทน์,16:00-19:00,1,904.3333333333334
7783,2021-09-20,จันทน์-นราธิวาส,นราธิวาสราชนครินทร์,09:00-16:00,1,2407.714285714286
7784,2021-09-20,จันทน์-นราธิวาส,จันทน์,09:00-16:00,1,937.1428571428571
7923,2021-10-15,หน้ารพ.พญาไท2,พหลโยธิน,07:00-09:00,0,1783.0
7924,2021-10-15,หน้ารพ.พญาไท2,พหลโยธิน,16:00-19:00,0,2735.6666666666665
7925,2021-10-15,หน้ารพ.พญาไท2,พหลโยธิน,09:00-16:00,0,2267.1428571428573
7978,2021-10-26,ประดิพัทธ์,พระรามที่6,07:00-09:00,0,1996.5
7982,2021-10-26,ประดิพัทธ์,ประดิพัทธ์,07:00-09:00,0,1237.5
7983,2021-10-26,ประดิพัทธ์,ประดิพัทธ์,09:00-16:00,0,1530.2857142857142
7984,2021-10-26,ประดิพัทธ์,ประดิพัทธ์,16:00-19:00,0,1400.6666666666667
7986,2021-10-26,ประดิพัทธ์,พระรามที่6,16:00-19:00,0,2017.3333333333333
7988,2021-10-26,ประดิพัทธ์,พระรามที่6,09:00-16:00,0,1982.0
8073,2021-11-01,ใกล้วัดดิสหงษาราม,เพชรบุรี,07:00-09:00,0,3333.5
8074,2021-11-01,ใกล้วัดดิสหงษาราม,เพชรบุรี,16:00-19:00,0,2733.6666666666665
8075,2021-11-01,ใกล้วัดดิสหงษาราม,เพชรบุรี,09:00-16:00,0,2752.1428571428573
8156,2021-11-16,หน้าโรงเรียนอินเตอร์คิดส์,ประชาร่วมใจ,07:00-09:00,0,1847.5
8159,2021-11-16,หน้าโรงเรียนอินเตอร์คิดส์,ประชาร่วมใจ,16:00-19:00,0,1267.6666666666667
8162,2021-11-16,หน้าโรงเรียนอินเตอร์คิดส์,ประชาร่วมใจ,09:00-16:00,0,1194.0
8349,2021-12-22,ห้วยขวาง,รัชดาภิเษก,07:00-09:00,0,5827.0
8350,2021-12-22,ห้วยขวาง,ประชาสงเคราะห์,07:00-09:00,0,1525.0
8351,2021-12-22,ห้วยขวาง,รัชดาภิเษก,16:00-19:00,0,7238.666666666667
8352,2021-12-22,ห้วยขวาง,ประชาสงเคราะห์,16:00-19:00,0,1169.6666666666667
8353,2021-12-22,ห้วยขวาง,รัชดาภิเษก,09:00-16:00,0,5765.571428571428
8354,2021-12-22,ห้วยขวาง,ประชาสงเคราะห์,09:00-16:00,0,1339.5714285714287
17017,2020-06-02,หมอเหล็ง,ราชปรารภ,09:00-16:00,0,1608.2857142857142
17020,2020-06-02,หมอเหล็ง,จตุรทิศ,09:00-16:00,0,357.85714285714283
17022,2020-06-02,หมอเหล็ง,ศรีอยุธยา,07:00-09:00,0,3874.0
17023,2020-06-02,หมอเหล็ง,ศรีอยุธยา,09:00-16:00,0,4143.428571428572
17024,2020-06-02,หมอเหล็ง,ศรีอยุธยา,16:00-19:00,0,5641.0
17043,2020-06-09,บุคคโล,เจริญนคร,07:00-09:00,0,2503.5
17044,2020-06-09,บุคคโล,เจริญนคร,09:00-16:00,0,2399.8571428571427
17045,2020-06-09,บุคคโล,เจริญนคร,16:00-19:00,0,2938.6666666666665
17131,2020-06-26,ท่าพระ,รัชดาภิเษก,09:00-16:00,0,975.8571428571429
17134,2020-06-26,ท่าพระ,เพชรเกษม,09:00-16:00,0,3341.5714285714284
17136,2020-06-26,ท่าพระ,จรัญสนิทวงศ์,07:00-09:00,0,1596.5
17137,2020-06-26,ท่าพระ,จรัญสนิทวงศ์,09:00-16:00,0,1529.0
17138,2020-06-26,ท่าพระ,จรัญสนิทวงศ์,16:00-19:00,0,1421.3333333333333
17190,2020-09-10,ประชาชื่น,ประชาชื่น,07:00-09:00,0,1269.5
17191,2020-09-10,ประชาชื่น,ประชาชื่น,09:00-16:00,0,1129.857142857143
17192,2020-09-10,ประชาชื่น,ประชาชื่น,16:00-19:00,0,659.6666666666666
17370,2020-03-11,หน้าโรงเรียนอินเตอร์คิดส์,ประชาร่วมใจ,07:00-09:00,1,1353.0
17371,2020-03-11,หน้าโรงเรียนอินเตอร์คิดส์,ประชาร่วมใจ,09:00-16:00,1,849.7142857142857
17372,2020-03-11,หน้าโรงเรียนอินเตอร์คิดส์,ประชาร่วมใจ,16:00-19:00,1,1233.3333333333333
17413,2020-03-20,โรงกรองน้ำ,พระรามที่6,09:00-16:00,1,2409.0
17416,2020-03-20,โรงกรองน้ำ,นครไชยศรี,09:00-16:00,1,1035.7142857142858
17439,2020-03-26,ประดิพัทธ์,พระรามที่6,07:00-09:00,1,1921.5
17440,2020-03-26,ประดิพัทธ์,พระรามที่6,09:00-16:00,1,1541.0
17441,2020-03-26,ประดิพัทธ์,พระรามที่6,16:00-19:00,1,1498.0
