intersection_key,road_key,time_key,ก่อนโควิด,โควิด,หลังโควิด
กล้วยน้ำไท,พระรามที่4,07:00-09:00,2896.0,3325.5,2296.0
กล้วยน้ำไท,พระรามที่4,09:00-16:00,3107.8571428571427,2951.1428571428573,770.0
กล้วยน้ำไท,พระรามที่4,16:00-19:00,2758.0,3443.6666666666665,478.0
การเรือน,ราชวิถี,07:00-09:00,1110.0,433.5,999.0
การเรือน,ราชวิถี,09:00-16:00,931.4285714285714,1045.7142857142858,908.5714285714286
การเรือน,ราชวิถี,16:00-19:00,850.6666666666666,364.3333333333333,873.6666666666666
การเรือน,ราชสีมา,07:00-09:00,1359.0,2046.5,1386.0
การเรือน,ราชสีมา,09:00-16:00,1389.0,1673.857142857143,1129.4285714285713
การเรือน,ราชสีมา,16:00-19:00,1483.6666666666667,1171.6666666666667,1286.0
กำแพงเพชร,พหลโยธิน,07:00-09:00,5355.0,5211.0,5246.25
กำแพงเพชร,พหลโยธิน,09:00-16:00,5074.714285714286,4248.0,4620.285714285715
กำแพงเพชร,พหลโยธิน,16:00-19:00,4985.333333333334,4272.333333333333,4991.333333333333
ขัตติยานี,พิชัย,07:00-09:00,833.0,761.0,359.5
ขัตติยานี,พิชัย,09:00-16:00,493.57142857142856,418.57142857142856,204.42857142857142
ขัตติยานี,พิชัย,16:00-19:00,391.3333333333333,474.0,187.0
ขัตติยานี,สุโขทัย,07:00-09:00,1912.5,2261.5,1247.0
ขัตติยานี,สุโขทัย,09:00-16:00,1584.857142857143,1886.0,1321.857142857143
ขัตติยานี,สุโขทัย,16:00-19:00,1349.0,1333.0,1379.3333333333333
คลองตัน,พัฒนาการ,07:00-09:00,2399.25,4122.0,5822.25
คลองตัน,พัฒนาการ,09:00-16:00,2132.714285714286,1903.2857142857142,983.5714285714286
คลองตัน,พัฒนาการ,16:00-19:00,2084.3333333333335,1919.0,794.0
คลองตัน,รามคำแหง,07:00-09:00,1878.75,1577.5,3000.0
คลองตัน,รามคำแหง,09:00-16:00,1647.7142857142858,1081.4285714285713,632.5714285714286
คลองตัน,สุขุมวิท71,07:00-09:00,1041.25,1165.5,809.0
คลองตัน,เพชรบุรี,07:00-09:00,1691.5,1774.5,3684.5
คลองตัน,เพชรบุรี,09:00-16:00,1628.9285714285716,1812.0,1185.857142857143
คลองประปา,ประชาชื่น,07:00-09:00,1266.5,1032.0,546.5
คลองประปา,เลียบคลองประปา,07:00-09:00,407.5,751.0,955.5
คลองประปา,แจ้งวัฒนะ,07:00-09:00,7820.0,7202.5,7929.0
คลองสาน,ลาดหญ้า,07:00-09:00,806.0,697.0,653.5
คลองสาน,ลาดหญ้า,09:00-16:00,707.7142857142857,740.8571428571429,624.7142857142857
คลองสาน,ลาดหญ้า,16:00-19:00,592.6666666666666,720.3333333333334,465.0
คลองสาน,สมเด็จเจ้าพระยา,07:00-09:00,590.0,336.0,720.25
คลองสาน,สมเด็จเจ้าพระยา,09:00-16:00,734.8571428571429,461.42857142857144,583.0
คลองสาน,สมเด็จเจ้าพระยา,16:00-19:00,589.6666666666666,462.0,516.6666666666666
คลองสาน,เจริญนคร,07:00-09:00,951.0,591.5,1064.25
คลองสาน,เจริญนคร,09:00-16:00,952.8571428571429,633.8571428571429,649.8571428571429
คลองสาน,เจริญนคร,16:00-19:00,1123.0,580.0,791.0
คลองเตย,พระรามที่4,07:00-09:00,3386.25,4121.5,2829.5
คลองเตย,พระรามที่4,09:00-16:00,3772.0,4160.142857142857,3682.5714285714284
คลองเตย,สุนทรโกษา,07:00-09:00,982.0,977.5,735.25
คลองเตย,สุนทรโกษา,09:00-16:00,578.7142857142858,658.4285714285714,679.8571428571429
คอกวัว,ตะนาว,07:00-09:00,1049.5,744.0,892.25
คอกวัว,ตะนาว,09:00-16:00,1320.9285714285716,854.2857142857143,1031.857142857143
คอกวัว,ตะนาว,16:00-19:00,1393.8333333333335,1246.3333333333333,1120.3333333333333
คอกวัว,ราชดำเนินกลาง,07:00-09:00,3805.25,3778.5,4155.5
คอกวัว,ราชดำเนินกลาง,09:00-16:00,4376.357142857143,4285.857142857143,5082.714285714285
คอกวัว,ราชดำเนินกลาง,16:00-19:00,3675.1666666666665,4346.0,5744.333333333333
จอมทอง,จอมทอง,07:00-09:00,1719.0,1664.5,544.5
จอมทอง,จอมทอง,09:00-16:00,1661.857142857143,1421.7142857142858,1287.5714285714287
จอมทอง,จอมทอง,16:00-19:00,1456.0,1469.6666666666667,1325.0
จอมทอง,วุฒากาศ,07:00-09:00,761.0,652.0,397.0
จอมทอง,วุฒากาศ,09:00-16:00,646.4285714285714,538.4285714285714,549.0
จอมทอง,วุฒากาศ,16:00-19:00,632.0,530.0,696.6666666666666
จักรพรรดิพงษ์,จักรพรรดิพงษ์,07:00-09:00,3220.5,3041.5,2455.0
จักรพรรดิพงษ์,จักรพรรดิพงษ์,09:00-16:00,2633.4285714285716,2975.285714285714,953.5714285714286
จักรพรรดิพงษ์,จักรพรรดิพงษ์,16:00-19:00,2172.833333333333,3188.3333333333335,532.0
จักรพรรดิพงษ์,นครสวรรค์,07:00-09:00,1049.5,1415.5,1809.5
จักรพรรดิพงษ์,นครสวรรค์,09:00-16:00,1050.857142857143,1273.142857142857,488.42857142857144
จักรพรรดิพงษ์,นครสวรรค์,16:00-19:00,1003.6666666666666,1678.6666666666667,1432.6666666666667
จันทน์-นราธิวาส,จันทน์,07:00-09:00,1238.75,977.0,951.0
จันทน์-นราธิวาส,จันทน์,09:00-16:00,1063.0714285714284,944.0714285714286,919.8571428571429
จันทน์-นราธิวาส,จันทน์,16:00-19:00,1265.8333333333335,917.3333333333334,1119.3333333333333
จันทน์-นราธิวาส,นราธิวาสราชนครินทร์,07:00-09:00,2705.0,3288.0,2853.75
จันทน์-นราธิวาส,นราธิวาสราชนครินทร์,09:00-16:00,2828.5714285714284,2406.857142857143,2695.285714285714
จันทน์-นราธิวาส,นราธิวาสราชนครินทร์,16:00-19:00,3641.6666666666665,2284.8333333333335,3366.6666666666665
จันทน์-เจริญราษฎร์,จันทน์,07:00-09:00,1876.75,2119.0,1396.0
จันทน์-เจริญราษฎร์,เจริญราษฎร์,07:00-09:00,4170.75,2376.5,3464.0
จุฬา12,พญาไท,07:00-09:00,2316.0,1279.5,2321.0
จุฬา12,พญาไท,09:00-16:00,2380.285714285714,1358.4285714285713,2643.1428571428573
จุฬา12,พญาไท,16:00-19:00,2509.3333333333335,1301.6666666666667,2243.3333333333335
ซังฮี้,ราชวิถี,07:00-09:00,1587.0,1382.5,1301.0
ซังฮี้,ราชวิถี,09:00-16:00,1304.2857142857142,1375.857142857143,1219.142857142857
ซังฮี้,ราชวิถี,16:00-19:00,1811.6666666666667,2237.0,1370.0
ซังฮี้,สามเสน,07:00-09:00,1887.5,1527.0,1437.75
ซังฮี้,สามเสน,09:00-16:00,1969.3571428571427,1707.142857142857,2538.0
ซังฮี้,สามเสน,16:00-19:00,2466.6666666666665,1647.0,2118.3333333333335
ดาวคะนอง,จอมทอง,07:00-09:00,1106.5,671.5,860.0
ดาวคะนอง,จอมทอง,09:00-16:00,957.2857142857143,529.8571428571429,735.0
ดาวคะนอง,จอมทอง,16:00-19:00,891.0,448.6666666666667,738.0
ดาวคะนอง,สมเด็จพระเจ้าตากสิน,07:00-09:00,5152.5,5439.5,3399.5
ดาวคะนอง,สมเด็จพระเจ้าตากสิน,09:00-16:00,4854.142857142857,4453.857142857143,4526.0
ดาวคะนอง,สมเด็จพระเจ้าตากสิน,16:00-19:00,5199.666666666667,6216.666666666667,5105.666666666667
ด่วนนางลิ้นจี่,นางลิ้นจี่,07:00-09:00,1492.5,1493.5,1855.5
ด่วนนางลิ้นจี่,รัชดาภิเษก,07:00-09:00,1651.5,1774.5,1702.0
ด่วนสาธุ,รัชดาภิเษก,07:00-09:00,6143.0,5260.0,5829.0
ด่วนสาธุ,สาธุประดิษฐ์,07:00-09:00,2124.5,1952.0,1953.5
ด่วนสุขุมวิท62,สุขุมวิท,07:00-09:00,4644.0,4666.0,3899.0
ด่วนเกษมราษฎร์,ทางขึ้นลงทางด่วน,07:00-09:00,1933.5,922.0,1142.75
ด่วนเกษมราษฎร์,เกษมราษฎร์,07:00-09:00,1748.5,1458.0,1712.75
ด่วนเพลินจิต,ดวงพิทักษ์,07:00-09:00,748.0,303.0,458.5
ด่วนเพลินจิต,ทางขึ้นลงทางด่วน,07:00-09:00,2518.0,1645.5,1821.5
ด่วนเพลินจิต,สุขุมวิท,07:00-09:00,2991.5,2434.5,4264.5
ด่วนเพลินจิต,เพลินจิต,07:00-09:00,236.0,90.5,1797.25
ตรอกจันทน์,จันทน์,07:00-09:00,320.0,294.5,515.0
ตรอกจันทน์,เจริญกรุง,07:00-09:00,1303.0,950.0,892.5
ตากสิน,กรุงธนบุรี,07:00-09:00,2667.25,4686.0,2810.5
ตากสิน,ราชพฤกษ์,07:00-09:00,2968.25,4193.5,4398.5
ตากสิน,สมเด็จพระเจ้าตากสิน,07:00-09:00,5044.75,4165.5,2554.5
ถนนตก,พระรามที่3,07:00-09:00,3651.75,3224.0,3010.25
ถนนตก,เจริญกรุง,07:00-09:00,1173.5,1023.5,1049.75
ทองหล่อ,สุขุมวิท,07:00-09:00,1808.75,2204.0,2414.75
ทองหล่อ,สุขุมวิท,09:00-16:00,1793.5714285714287,2393.4285714285716,2532.5714285714284
ทองหล่อ,สุขุมวิท,16:00-19:00,1791.0,2436.0,2926.3333333333335
ทุ่งครุ,ครุใน,07:00-09:00,339.5,282.0,174.0
ทุ่งครุ,ประชาอุทิศ,07:00-09:00,1609.0,1507.0,1138.0
ทุ่งสาธิต,สุขุมวิท,07:00-09:00,2624.5,2867.0,3712.25
ท่าดินแดง,ท่าดินแดง,07:00-09:00,701.25,671.5,606.75
ท่าดินแดง,ท่าดินแดง,09:00-16:00,687.7857142857143,553.7142857142857,572.2857142857143
ท่าดินแดง,ท่าดินแดง,16:00-19:00,644.5,552.0,623.0
ท่าดินแดง,สมเด็จเจ้าพระยา,07:00-09:00,1447.75,1147.0,1422.5
ท่าพระ,จรัญสนิทวงศ์,07:00-09:00,1451.5,1368.75,1565.5
ท่าพระ,รัชดาภิเษก,07:00-09:00,1465.0,753.0,2003.75
ท่าพระ,เพชรเกษม,07:00-09:00,3955.5,3075.5,4174.0
นราธิวาส-สุรวงศ์,สุรวงศ์,07:00-09:00,2063.75,1302.5,1715.0
นราธิวาส-สุรวงศ์,สุรวงศ์,09:00-16:00,1777.642857142857,1352.5714285714287,2147.285714285714
นราธิวาส-สุรวงศ์,สุรวงศ์,16:00-19:00,1549.6666666666667,1121.6666666666667,2106.3333333333335
นวมินทร์-ประเสริฐมนูกิจ,ประเสริฐมนูกิจ,07:00-09:00,2517.0,3257.5,3575.0
นอร์ธปาร์ค,กำแพงเพชร6,07:00-09:00,1139.0,1177.5,1840.5
นอร์ธปาร์ค,ชิดชน,07:00-09:00,1300.0,988.5,1612.5
นางลิ้นจี่,นางลิ้นจี่,09:00-16:00,352.0,311.7142857142857,286.0
นางลิ้นจี่,พระรามที่3,09:00-16:00,6363.142857142857,4260.285714285715,4126.428571428572
นางเลิ้ง,นครสวรรค์,09:00-16:00,2745.285714285714,2327.8571428571427,2408.5714285714284
นางเลิ้ง,พิษณุโลก,07:00-09:00,3352.0,2535.0,2067.0
นางเลิ้ง,พิษณุโลก,09:00-16:00,2313.1428571428573,1826.4285714285713,1910.0
นางเลิ้ง,พิษณุโลก,16:00-19:00,2384.0,1613.6666666666667,1924.0
นานา,สุขุมวิท,09:00-16:00,2684.0,2600.8571428571427,1976.857142857143
นาหลวง,พุทธบูชา,07:00-09:00,759.5,848.0,639.25
นิด้า,ศรีบูรพา,07:00-09:00,1437.5,1839.0,1755.5
นิด้า,เสรีไทย,07:00-09:00,2345.0,2855.25,2696.5
บรมราชชนนี,จรัญสนิทวงศ์,07:00-09:00,3533.0,3600.5,4516.0
บรมราชชนนี,บรมราชชนนี,07:00-09:00,1677.0,3451.0,3189.0
บรมราชชนนี,บรมราชชนนี,09:00-16:00,2400.285714285714,3604.1428571428573,1234.142857142857
บรมราชชนนี,บรมราชชนนี,16:00-19:00,2285.3333333333335,4194.333333333333,1481.0
บางกระบือ,สามเสน,07:00-09:00,1460.5,1418.0,2563.5
บางกระบือ,สามเสน,09:00-16:00,1176.4285714285713,1421.857142857143,564.1428571428571
บางกระบือ,สามเสน,16:00-19:00,1145.6666666666667,1466.1666666666667,3.0
บางกระบือ,อำนวยสงคราม,07:00-09:00,457.5,311.0,854.5
บางกระบือ,อำนวยสงคราม,09:00-16:00,435.14285714285717,397.14285714285717,141.0
บางกระบือ,อำนวยสงคราม,16:00-19:00,410.6666666666667,356.3333333333333,961.3333333333334
บางกระบือ,เขียวไข่กา,07:00-09:00,207.0,144.25,134.0
บางกระบือ,เขียวไข่กา,09:00-16:00,40.0,38.214285714285715,2.7142857142857144
บางกระบือ,เขียวไข่กา,16:00-19:00,157.33333333333334,61.333333333333336,178.33333333333334
บางกะปิ,พ่วงศิริ,07:00-09:00,472.0,575.5,391.5
บางกะปิ,ลาดพร้าว,07:00-09:00,885.0,848.0,733.5
บางกะปิ,เสรีไทย,07:00-09:00,1286.5,785.0,639.0
บางขุนนนท์,จรัญสนิทวงศ์,07:00-09:00,2100.5,3054.0,2893.0
บางขุนนนท์,บางกอกน้อยตลิ่งชัน,07:00-09:00,692.0,639.5,1007.5
บางขุนพรหม,สามเสน,09:00-16:00,1443.2857142857142,1142.5714285714287,1216.857142857143
บางขุนเทียน-พระยามนธาตุราชศรีพิจิตร์,บางขุนเทียน,07:00-09:00,2651.0,3296.0,2958.0
บางขุนเทียน-พระยามนธาตุราชศรีพิจิตร์,พระยามนธาตุราชศรีพิจิตร์,07:00-09:00,544.0,536.0,582.0
บางชัน,เสรีไทย,07:00-09:00,3532.5,2998.5,3584.5
บางบอน5,บางบอน5,07:00-09:00,1093.5,1596.0,1044.5
บางบอน5,บางบอน5,09:00-16:00,923.1428571428571,1279.5714285714287,803.8571428571429
บางบอน5,บางบอน5,16:00-19:00,979.3333333333334,1239.3333333333333,895.0
บางบอน5,เอกชัย,07:00-09:00,4133.5,3228.0,3599.0
บางบอน5,เอกชัย,09:00-16:00,3588.5714285714284,3308.285714285714,3621.285714285714
บางบอน5,เอกชัย,16:00-19:00,3557.0,3728.3333333333335,4312.666666666667
บางพลัด,จรัญสนิทวงศ์,07:00-09:00,3447.5,3754.0,4493.0
บางพลัด,ราชวิถี,07:00-09:00,1919.5,1056.5,987.0
บางพลัด,สิรินธร,07:00-09:00,3009.25,3185.0,1735.0
บางยี่เรือ,อินทรพิทักษ์,07:00-09:00,1327.75,867.0,734.5
บางยี่เรือ,อินทรพิทักษ์,09:00-16:00,1399.4285714285716,0.0,1392.142857142857
บางยี่เรือ,อินทรพิทักษ์,16:00-19:00,1946.0,0.0,1537.3333333333333
บางยี่เรือ,เทอดไท,07:00-09:00,733.0,887.0,504.5
บางยี่เรือ,เทอดไท,09:00-16:00,570.3571428571429,884.7857142857142,435.0
บางยี่เรือ,เทอดไท,16:00-19:00,455.5,868.5,322.0
บางยี่เรือ,เพชรเกษม,07:00-09:00,1967.75,2033.0,1393.5
บางยี่เรือ,เพชรเกษม,09:00-16:00,1289.857142857143,1395.5714285714287,1425.2857142857142
บางยี่เรือ,เพชรเกษม,16:00-19:00,687.5,1271.6666666666667,1142.6666666666667
บางรัก,สีลม,07:00-09:00,676.0,616.5,710.5
บางรัก,สีลม,09:00-16:00,492.42857142857144,607.8571428571429,708.8571428571429
บางรัก,สีลม,16:00-19:00,514.0,535.3333333333334,574.0
บางรัก,เจริญกรุง,07:00-09:00,1483.5,1266.5,1536.5
บางรัก,เจริญกรุง,09:00-16:00,1395.7142857142858,1323.642857142857,1218.5714285714287
บางรัก,เจริญกรุง,16:00-19:00,1323.3333333333333,1255.0,1330.3333333333333
บางลำพู,สามเสน,07:00-09:00,924.0,798.5,520.0
บางลำพู,สามเสน,09:00-16:00,1247.7142857142858,1013.5714285714286,742.2857142857143
บางลำพู,สามเสน,16:00-19:00,1188.6666666666667,996.6666666666666,888.6666666666666
บางแค,บางแค,07:00-09:00,369.5,255.0,380.5
บางแค,บางแค,09:00-16:00,396.42857142857144,482.7142857142857,323.85714285714283
บางแค,บางแค,16:00-19:00,540.0,539.3333333333334,326.3333333333333
บางแค,เพชรเกษม,07:00-09:00,4824.0,5092.0,4658.0
บางแค,เพชรเกษม,09:00-16:00,4273.714285714285,4201.428571428572,4306.857142857143
บางแค,เพชรเกษม,16:00-19:00,5081.333333333333,4146.333333333333,4193.333333333333
บางโพ,ประชาราษฎร์สาย1,07:00-09:00,3176.0,1838.5,2513.5
บางโพ,ประชาราษฎร์สาย2,07:00-09:00,461.0,692.5,777.25
บุคคโล,มไหสวรรย์,07:00-09:00,2660.0,1272.0,2161.0
บุคคโล,เจริญนคร,07:00-09:00,3265.0,2638.25,3020.5
บ้านแขก,ประชาธิปก,09:00-16:00,5042.857142857143,3583.214285714286,3546.4285714285716
บ้านแขก,อิสรภาพ,09:00-16:00,1099.5714285714287,917.0,983.0
ปทุมวัน,พญาไท,07:00-09:00,3154.25,2295.5,2914.5
ปทุมวัน,พระรามที่1,07:00-09:00,2670.25,1515.5,2298.5
ประชาชื่น,ประชาชื่น,07:00-09:00,1878.5,1269.5,1483.0
ประชาชื่น,ประชาราษฎร์สาย2,07:00-09:00,2394.0,1588.0,2044.5
ประชาธรรม,ประชาอุทิศ,07:00-09:00,1321.0,1582.5,975.5
ประชาธรรม,ประดิษฐ์มนูธรรม,07:00-09:00,4766.0,4683.5,3935.5
ประชานิเวศน์,ประชาชื่น,07:00-09:00,1806.5,2368.0,1764.5
ประชานิเวศน์,เทศบาลสงเคราะห์,07:00-09:00,656.5,400.0,751.0
ประชาสงเคราะห์,ดินแดง,07:00-09:00,1980.5,3408.0,2401.25
ประชาสงเคราะห์,ประชาสงเคราะห์,07:00-09:00,1096.5,1019.5,1197.75
ประชาอุทิศ,ประชาอุทิศ,07:00-09:00,1541.5,1727.5,1216.5
ประชาอุทิศ,ประชาอุทิศ,09:00-16:00,1366.4285714285713,1386.2142857142858,1449.2857142857142
ประชาอุทิศ,ประชาอุทิศ,16:00-19:00,1346.6666666666667,1390.3333333333335,1356.1666666666667
ประชาอุทิศ,สุขสวัสดิ์,07:00-09:00,4446.0,4588.0,3299.75
ประชาอุทิศ,สุขสวัสดิ์,09:00-16:00,2391.8571428571427,4058.5714285714284,3687.4285714285716
ประชาอุทิศ,สุขสวัสดิ์,16:00-19:00,5184.333333333333,4226.666666666667,4180.666666666667
ประชาอุทิศ,เทียมร่วมมิตร,07:00-09:00,1022.0,1673.0,1330.25
ประชาอุทิศ,เทียมร่วมมิตร,09:00-16:00,1313.7142857142858,1514.2857142857142,1465.142857142857
ประชาอุทิศ,เทียมร่วมมิตร,16:00-19:00,1384.6666666666667,1776.3333333333333,1560.3333333333333
ประชาอุทิศ-เลียบด่วนกาญจนาภิเษก,ประชาอุทิศ,09:00-16:00,2123.1428571428573,2079.1428571428573,2071.0
ประชาอุทิศ-เลียบด่วนกาญจนาภิเษก,ประชาอุทิศ,16:00-19:00,2242.3333333333335,2258.6666666666665,1569.3333333333333
ประชาอุทิศ-เลียบด่วนกาญจนาภิเษก,เลียบด่วนกาญจนาภิเษก,07:00-09:00,704.0,598.0,710.0
ประชาอุทิศ-เลียบด่วนกาญจนาภิเษก,เลียบด่วนกาญจนาภิเษก,09:00-16:00,695.8571428571429,557.0,557.7142857142857
ประชาอุทิศ-เลียบด่วนกาญจนาภิเษก,เลียบด่วนกาญจนาภิเษก,16:00-19:00,692.0,479.3333333333333,380.3333333333333
ประชาเกษม,กรุงเกษม,07:00-09:00,791.0,575.0,615.25
ประชาเกษม,นครราชสีมา,07:00-09:00,261.5,273.5,266.75
ประชาเกษม,ประชาธิปไตย,07:00-09:00,2075.0,1957.0,1571.0
ประดิพัทธ์,พระรามที่6,07:00-09:00,3246.0,1959.0,2067.75
ประตูน้ำ,ราชดำริ,07:00-09:00,2157.0,1679.5,1327.0
ประตูน้ำ,ราชดำริ,09:00-16:00,1870.142857142857,1639.0,1366.2857142857142
ประตูน้ำ,ราชดำริ,16:00-19:00,1892.0,1823.0,1588.0
ประตูน้ำ,ราชปรารภ,07:00-09:00,928.0,937.0,598.0
ประตูน้ำ,ราชปรารภ,09:00-16:00,150.42857142857142,153.85714285714286,121.14285714285714
ประตูน้ำ,ราชปรารภ,16:00-19:00,84.33333333333333,69.33333333333333,78.33333333333333
ประตูน้ำ,เพชรบุรี,07:00-09:00,3247.0,3969.0,2701.0
ประตูน้ำ,เพชรบุรี,09:00-16:00,2928.714285714286,3340.4285714285716,3717.5714285714284
ประตูน้ำ,เพชรบุรี,16:00-19:00,2710.3333333333335,3520.3333333333335,3776.6666666666665
ประเวศ,อ่อนนุช,09:00-16:00,4556.857142857143,5698.428571428572,5096.571428571428
ประเสริฐมนูกิจ-ประดิษฐ์มนูธรรม,ประดิษฐ์มนูธรรม,07:00-09:00,7003.75,7818.0,7116.75
ประเสริฐมนูกิจ-ประดิษฐ์มนูธรรม,ประเสริฐมนูกิจ,07:00-09:00,5857.5,6239.5,6596.25
ประเสริฐมนูกิจ-ลาดปลาเค้า,ประเสริฐมนูกิจ,07:00-09:00,8399.0,7860.0,6419.5
ประเสริฐมนูกิจ-ลาดปลาเค้า,ลาดปลาเค้า,07:00-09:00,2109.0,1703.0,1776.0
ประเสริฐมนูกิจ-สุคนธสวัสดิ์,สุคนธสวัสดิ์,07:00-09:00,1259.0,1783.0,918.5
ปากทางลาดพร้าว,พหลโยธิน,07:00-09:00,6329.0,4135.0,3856.5
ปากทางลาดพร้าว,พหลโยธิน,09:00-16:00,5221.285714285715,3905.1428571428573,3662.5714285714284
ปากทางลาดพร้าว,พหลโยธิน,16:00-19:00,4467.666666666667,3793.6666666666665,3635.3333333333335
ปากทางลาดพร้าว,ลาดพร้าว,07:00-09:00,1737.0,1707.0,1504.5
ปากทางลาดพร้าว,ลาดพร้าว,09:00-16:00,1904.142857142857,1992.7142857142858,1270.2857142857142
ปากทางลาดพร้าว,ลาดพร้าว,16:00-19:00,1996.3333333333333,2438.0,1284.3333333333333
ป้อมมหากาฬ,พระสุเมรุ,09:00-16:00,680.1428571428571,409.7142857142857,403.85714285714283
ป้อมมหากาฬ,มหาไชย,07:00-09:00,964.0,1059.0,835.0
ป้อมมหากาฬ,มหาไชย,09:00-16:00,980.7142857142857,1052.4285714285713,613.0
ป้อมมหากาฬ,มหาไชย,16:00-19:00,1188.0,1127.0,608.0
ป้อมมหากาฬ,ราชดำเนินกลาง,09:00-16:00,3577.1428571428573,3487.285714285714,3709.0
ผังเมือง,พระราม9,07:00-09:00,2663.0,3082.0,3493.5
ผังเมือง,พระราม9,09:00-16:00,2342.5714285714284,2903.1428571428573,3004.1428571428573
ผังเมือง,พระราม9,16:00-19:00,2150.3333333333335,3108.0,3057.3333333333335
ผังเมือง,วัฒนธรรม,07:00-09:00,749.5,782.0,1125.0
ผังเมือง,วัฒนธรรม,09:00-16:00,816.8571428571429,831.2857142857143,646.2857142857143
ผังเมือง,วัฒนธรรม,16:00-19:00,914.0,797.0,886.3333333333334
พงษ์พระราม,จารุเมือง,07:00-09:00,551.0,1806.75,242.5
พงษ์พระราม,พระรามที่1,07:00-09:00,3385.0,1638.0,3082.25
พงษ์เพชร,งามวงศ์วาน,07:00-09:00,8781.0,7763.0,8698.75
พงษ์เพชร,ประชาชื่น,07:00-09:00,2541.5,3218.0,2408.25
พญาไท,พญาไท,07:00-09:00,3252.5,3385.5,3174.0
พญาไท,ศรีอยุธยา,07:00-09:00,5938.0,6034.0,4477.0
พระราม9,พระราม9,07:00-09:00,2119.25,2331.5,2489.25
พระราม9,รัชดาภิเษก,07:00-09:00,3268.5,3777.25,3590.5
พระราม9,อโศกดินแดง,07:00-09:00,2929.5,3192.25,3029.75
พระราม9ใหม่,เพชรพระราม,07:00-09:00,571.5,310.0,261.5
พระรามที่2,พระรามที่2,07:00-09:00,4620.0,4511.25,2310.0
พระรามที่2,สุขสวัสดิ์,07:00-09:00,5633.5,5753.25,3414.5
พระรามที่3-ยานนาวา,พระรามที่3,07:00-09:00,3349.75,3202.5,4507.5
พระรามที่3-ยานนาวา,พระรามที่3,09:00-16:00,2766.642857142857,2328.285714285714,4031.5714285714284
พระรามที่3-ยานนาวา,พระรามที่3,16:00-19:00,2899.5,2536.6666666666665,4137.0
พระรามที่3-ยานนาวา,ยานนาวา,07:00-09:00,459.75,388.5,414.5
พระรามที่3-ยานนาวา,ยานนาวา,09:00-16:00,419.6428571428571,359.14285714285717,388.14285714285717
พระรามที่3-ยานนาวา,ยานนาวา,16:00-19:00,527.3333333333334,501.6666666666667,512.3333333333334
พระรามที่4,พระรามที่4,07:00-09:00,2908.0,3510.0,2916.0
พระรามที่4,รัชดาภิเษก,07:00-09:00,4469.0,1752.0,1697.5
พระรามที่4,รัชดาภิเษก,09:00-16:00,2728.5714285714284,1771.7142857142858,1509.5714285714287
พระรามที่4,รัชดาภิเษก,16:00-19:00,3581.6666666666665,1741.0,1464.6666666666667
พระโขนง,สุขุมวิท,07:00-09:00,5145.75,3305.0,4283.25
พระโขนง,สุขุมวิท,09:00-16:00,4505.5,4007.8571428571427,3387.285714285714
พระโขนง,สุขุมวิท,16:00-19:00,4322.833333333334,4063.3333333333335,3543.0
พรานนก,พรานนก,07:00-09:00,2251.0,1815.0,2532.25
พรานนก,อิสรภาพ,07:00-09:00,1033.0,1238.0,873.5
พหลโยธิน-เทพรักษ์,พหลโยธิน,07:00-09:00,2019.0,3096.0,3528.25
พหลโยธิน-เทพรักษ์,เทพรักษ์,07:00-09:00,1727.0,1540.5,2828.25
พัฒนาการ,พัฒนาการ,07:00-09:00,3219.0,3495.5,3631.25
พัฒนาการ,ศรีนครินทร์,07:00-09:00,4027.0,4400.0,5417.25
พิบูลสงคราม,ประชาราษฎร์สาย1,07:00-09:00,1758.0,2401.5,1887.5
พิบูลสงคราม,พิบูลสงคราม,07:00-09:00,2498.5,784.0,2243.0
พุทธมณฑลสาย2,พุทธมณฑลสาย2,07:00-09:00,833.75,672.5,846.25
พุทธมณฑลสาย2,พุทธมณฑลสาย2,09:00-16:00,937.2142857142858,828.1428571428571,715.1428571428571
พุทธมณฑลสาย2,พุทธมณฑลสาย2,16:00-19:00,867.0,793.0,879.0
พุทธมณฑลสาย2,เพชรเกษม,07:00-09:00,7120.75,6800.5,7178.25
พุทธมณฑลสาย2,เพชรเกษม,09:00-16:00,6546.0,6585.142857142857,6148.714285714285
พุทธมณฑลสาย2,เพชรเกษม,16:00-19:00,6953.166666666666,6806.666666666667,5990.666666666667
พุทธมณฑลสาย3,พุทธมณฑลสาย3,07:00-09:00,1123.5,1141.0,847.5
พุทธมณฑลสาย3,เพชรเกษม,07:00-09:00,4033.0,4730.0,4562.5
มัฆวาน,กรุงเกษม,07:00-09:00,1068.0,632.0,1053.25
มัฆวาน,กรุงเกษม,09:00-16:00,1118.0,778.8571428571429,1065.0
มัฆวาน,กรุงเกษม,16:00-19:00,1101.6666666666667,724.0,1105.0
มิตรสัมพันธ์,นิคมมักกะสัน,07:00-09:00,737.0,549.5,409.5
มิตรสัมพันธ์,เพชรบุรี,07:00-09:00,4195.0,4440.5,4230.0
มิตรไมตรี-มิตรไมตรี1,มิตรไมตรี,09:00-16:00,182.28571428571428,172.57142857142858,733.4285714285714
มิตรไมตรี-มิตรไมตรี1,มิตรไมตรี1,09:00-16:00,1088.7142857142858,733.4285714285714,114.42857142857143
มิตรไมตรี-มิตรไมตรี2,มิตรไมตรี,07:00-09:00,1360.75,946.5,667.0
มิตรไมตรี-มิตรไมตรี2,มิตรไมตรี,09:00-16:00,781.3571428571429,675.4285714285713,367.85714285714283
มิตรไมตรี-มิตรไมตรี2,มิตรไมตรี,16:00-19:00,758.8333333333333,456.3333333333333,301.3333333333333
มิตรไมตรี-มิตรไมตรี2,มิตรไมตรี2,07:00-09:00,984.75,1024.0,957.0
มิตรไมตรี-มิตรไมตรี2,มิตรไมตรี2,09:00-16:00,612.2857142857142,693.7142857142858,669.1428571428571
มิตรไมตรี-มิตรไมตรี2,มิตรไมตรี2,16:00-19:00,572.3333333333334,622.6666666666666,346.6666666666667
มไหสวรรย์,มไหสวรรย์,07:00-09:00,919.5,895.5,1069.0
มไหสวรรย์,มไหสวรรย์,09:00-16:00,913.4285714285713,950.1428571428571,1639.4285714285713
มไหสวรรย์,มไหสวรรย์,16:00-19:00,1056.3333333333333,1267.3333333333333,1716.0
มไหสวรรย์,รัชดาภิเษก,07:00-09:00,879.5,571.0,1218.5
ยมราช,พิษณุโลก,07:00-09:00,3704.0,4374.5,3345.0
ยมราช,พิษณุโลก,09:00-16:00,3176.1428571428573,4142.0,2958.285714285714
ยมราช,พิษณุโลก,16:00-19:00,3386.6666666666665,3465.3333333333335,2800.3333333333335
ยมราช,สวรรคโลก,09:00-16:00,954.2857142857143,791.4285714285714,848.5714285714286
ยมราช,หลานหลวง,09:00-16:00,98.71428571428571,126.85714285714286,56.285714285714285
ยมราช,เพชรบุรี,07:00-09:00,3062.0,2625.0,2354.5
ยมราช,เพชรบุรี,09:00-16:00,2620.5714285714284,2926.0,2301.714285714286
ยมราช,เพชรบุรี,16:00-19:00,2091.6666666666665,2699.0,2304.0
ยุคล2,ยุคล2,07:00-09:00,419.0,317.0,334.5
รัชดา-ลาดพร้าว,รัชดาภิเษก,07:00-09:00,8736.0,8470.5,7776.5
รัชดา-ลาดพร้าว,รัชดาภิเษก,09:00-16:00,7788.857142857143,7687.285714285715,7102.571428571428
รัชดา-ลาดพร้าว,รัชดาภิเษก,16:00-19:00,6538.333333333333,6891.333333333333,7916.0
รัชโยธิน,พหลโยธิน,07:00-09:00,2505.5,4825.0,4253.0
รัชโยธิน,พหลโยธิน,09:00-16:00,2184.5714285714284,4544.0,4999.428571428572
รัชโยธิน,พหลโยธิน,16:00-19:00,2216.3333333333335,4225.666666666667,4757.666666666667
ราชดำริ,ราชดำริ,07:00-09:00,2356.5,2300.0,1874.25
ราชดำริ,สารสิน,07:00-09:00,857.75,501.5,1236.0
ราชประสงค์,พระรามที่1,09:00-16:00,289.1428571428571,433.2857142857143,537.4285714285714
ราชประสงค์,ราชดำริ,09:00-16:00,1940.2857142857142,1868.7142857142858,1704.5714285714287
ราชประสงค์,เพลินจิต,07:00-09:00,2408.5,2779.5,2074.75
ราชประสงค์,เพลินจิต,09:00-16:00,2619.714285714286,2710.8571428571427,2234.0
ราชประสงค์,เพลินจิต,16:00-19:00,2400.166666666667,2409.3333333333335,2257.0
ราชวงศ์,ราชวงศ์,07:00-09:00,518.0,458.75,359.5
ราชวงศ์,เยาวราช,07:00-09:00,1333.0,1270.25,867.5
ราชวัตร,นครไชยศรี,07:00-09:00,875.5,708.5,672.5
ราชวัตร,พระรามที่5,07:00-09:00,1543.0,1254.0,1456.0
ราชวิถี,พระรามที่5,07:00-09:00,1470.5,1784.5,1819.5
ราชวิถี,พระรามที่5,09:00-16:00,1007.2857142857143,1324.4285714285713,1205.857142857143
ราชวิถี,พระรามที่5,16:00-19:00,968.0,1216.6666666666667,973.0
ราชวิถี,ราชวิถี,07:00-09:00,962.5,1231.5,1020.5
ราชวิถี,ราชวิถี,09:00-16:00,1309.2857142857142,1228.5714285714287,1004.5714285714286
ราชวิถี,ราชวิถี,16:00-19:00,701.3333333333334,820.3333333333334,1136.6666666666667
ราชเทวี,พญาไท,07:00-09:00,4515.5,3706.5,3772.0
ราชเทวี,เพชรบุรี,07:00-09:00,4374.5,4589.0,4149.5
รามคำแหง,พระราม9,07:00-09:00,7679.0,5951.0,6286.5
รามคำแหง,พระราม9,09:00-16:00,7184.571428571428,6400.857142857143,7777.714285714285
รามคำแหง,พระราม9,16:00-19:00,7051.666666666667,6454.0,8041.666666666667
รามคำแหง,รามคำแหง,07:00-09:00,3827.5,4380.5,3702.75
รามคำแหง,รามคำแหง,09:00-16:00,3351.5714285714284,2865.285714285714,2934.714285714286
รามคำแหง,รามคำแหง,16:00-19:00,3395.3333333333335,2784.0,3570.0
ราษฎร์บูรณะ,ราษฎร์บูรณะ,07:00-09:00,2460.5,2853.5,1582.5
ราษฎร์บูรณะ,ราษฎร์บูรณะ,09:00-16:00,2294.4285714285716,2292.714285714286,773.5714285714286
ราษฎร์บูรณะ,ราษฎร์บูรณะ,16:00-19:00,2800.6666666666665,2073.3333333333335,1001.6666666666666
ราษฎร์บูรณะ,ราษฎร์พัฒนา,07:00-09:00,819.0,1416.0,507.0
ลาซาล,สุขุมวิท,07:00-09:00,3711.75,4631.5,3849.25
ลาดกระบัง-ฉลองกรุง,ฉลองกรุง,07:00-09:00,733.0,486.5,282.5
ลาดกระบัง-ฉลองกรุง,ลาดกระบัง,07:00-09:00,4140.5,3980.5,2902.5
ลาดบัวขาว,รามคำแหง,07:00-09:00,4300.0,5361.5,5369.0
ลาดปลาเค้า,รามอินทรา,07:00-09:00,6797.0,5039.5,5201.5
ลาดปลาเค้า,รามอินทรา,09:00-16:00,5125.428571428572,5474.0,6154.142857142857
ลาดปลาเค้า,รามอินทรา,16:00-19:00,9006.333333333334,5945.666666666667,6951.0
ลาดปลาเค้า,ลาดปลาเค้า,07:00-09:00,511.0,392.0,688.5
ลาดปลาเค้า,ลาดปลาเค้า,09:00-16:00,418.0,503.7142857142857,776.8571428571429
ลาดปลาเค้า,ลาดปลาเค้า,16:00-19:00,355.3333333333333,409.3333333333333,658.3333333333334
ลาดพร้าว101,ลาดพร้าว,07:00-09:00,3226.5,2085.0,2320.5
วงศ์สว่าง,รัชดาภิเษก,07:00-09:00,2719.0,3293.0,3327.5
วงศ์สว่าง,วงศ์สว่าง,07:00-09:00,1851.5,2544.75,2113.0
วงเวียนหลักสี่,พหลโยธิน,07:00-09:00,4619.5,6104.5,6086.5
วงเวียนหลักสี่,รามอินทรา,07:00-09:00,2417.0,3031.5,2960.0
วงเวียนหลักสี่,แจ้งวัฒนะ,07:00-09:00,4706.5,3927.5,6164.0
วงเวียนใหญ่,ประชาธิปก,07:00-09:00,5343.5,5126.5,2295.75
วงเวียนใหญ่,อินทรพิทักษ์,07:00-09:00,2984.0,3688.0,2849.5
วังหิน,สุขาภิบาล1,07:00-09:00,804.5,780.5,838.0
วังหิน,เสนานิคม,07:00-09:00,1205.0,792.0,1065.0
วังแดง,พิษณุโลก,07:00-09:00,1148.0,735.75,638.5
วังแดง,ราชสีมา,07:00-09:00,1206.5,1377.25,1096.5
วัดดวงแข,จารุเมือง,07:00-09:00,946.5,653.5,804.0
วัดดวงแข,จารุเมือง,09:00-16:00,862.5714285714286,706.4285714285714,904.0
วัดดวงแข,จารุเมือง,16:00-19:00,705.6666666666666,722.3333333333334,935.0
วัดดวงแข,เจริญเมือง,07:00-09:00,1759.0,1442.0,519.0
วัดดวงแข,เจริญเมือง,09:00-16:00,1750.5714285714287,1124.857142857143,732.8571428571429
วัดดวงแข,เจริญเมือง,16:00-19:00,1411.0,1209.0,709.3333333333334
วัดประชา,พระรามที่5,07:00-09:00,2077.0,2360.5,2290.5
วัดสน,สุขสวัสดิ์,07:00-09:00,6366.0,6327.0,4989.0
วัดสน,สุขสวัสดิ์,09:00-16:00,5614.285714285715,5598.0,5476.142857142857
วัดสน,สุขสวัสดิ์,16:00-19:00,5588.333333333333,5457.666666666667,6344.666666666667
วัดสะพานสูง,พระรามที่6,07:00-09:00,675.75,591.0,630.0
วัดสะพานสูง,เตชะวณิช,07:00-09:00,2328.75,2347.5,1646.5
วัดเทพลีลา,รามคำแหง,07:00-09:00,2607.0,2317.0,2731.5
วัดเทพลีลา,รามคำแหง,09:00-16:00,2755.0,2558.4285714285716,2880.1428571428573
วัดเทพลีลา,รามคำแหง,16:00-19:00,2305.6666666666665,2297.0,2525.3333333333335
วิทยุ,พระรามที่4,07:00-09:00,8063.5,7660.0,7602.25
วิทยุ,พระรามที่4,09:00-16:00,7490.0,6650.428571428572,7187.571428571428
วิทยุ,พระรามที่4,16:00-19:00,6662.333333333333,6465.666666666667,7546.0
วิทยุ,วิทยุ,07:00-09:00,1670.5,1382.0,1440.75
วิทยุ,วิทยุ,09:00-16:00,1779.5714285714284,1461.5714285714287,1482.857142857143
วิทยุ,วิทยุ,16:00-19:00,1713.6666666666667,1398.6666666666667,1388.6666666666667
วิทยุ,สาทร,07:00-09:00,2081.0,2102.5,2047.0
วิทยุ,สาทร,09:00-16:00,2204.285714285714,2210.0,2053.714285714286
วิทยุ,สาทร,16:00-19:00,2425.3333333333335,2199.0,2332.6666666666665
วิทยุ-เพชร,วิทยุ-ทางขึ้นลงทางด่วน,07:00-09:00,2203.5,1925.0,2727.0
วิทยุ-เพชร,เพชรบุรี,07:00-09:00,2645.0,4027.0,1933.5
วิสุทธิกษัตริย์,ประชาธิปไตย,07:00-09:00,1122.0,749.5,875.75
วิสุทธิกษัตริย์,วิสุทธิกษัตริย์,07:00-09:00,4115.5,2446.25,3400.0
วุฒากาศ,ซอยมะลิ,07:00-09:00,10.0,8.5,11.0
วุฒากาศ,วุฒากาศ,07:00-09:00,689.0,691.5,705.5
วุฒากาศ,เทอดไท,07:00-09:00,784.5,973.0,731.75
ศรีย่าน,นครไชยศรี,07:00-09:00,628.5,274.0,803.25
ศรีย่าน,นครไชยศรี,09:00-16:00,493.92857142857144,291.0,190.28571428571428
ศรีย่าน,นครไชยศรี,16:00-19:00,405.8333333333333,273.6666666666667,3229.3333333333335
ศรีย่าน,สามเสน,07:00-09:00,1180.0,972.0,2431.25
ศรีย่าน,สามเสน,09:00-16:00,1182.142857142857,1143.857142857143,458.2857142857143
ศรีย่าน,สามเสน,16:00-19:00,997.3333333333334,1173.0,221.0
ศรีอยุธยา,พระรามที่6,07:00-09:00,4222.5,2995.75,3688.25
ศรีอยุธยา,ศรีอยุธยา,07:00-09:00,3675.0,3502.75,3356.25
ศาลาแดง,พระรามที่4,07:00-09:00,6327.0,8018.5,7482.75
ศาลาแดง,พระรามที่4,09:00-16:00,6993.714285714285,7436.0,7109.428571428572
ศาลาแดง,พระรามที่4,16:00-19:00,6519.0,6633.333333333333,7284.666666666667
ศาลาแดง,ราชดำริ,07:00-09:00,1591.5,1481.0,1357.0
ศาลาแดง,ราชดำริ,09:00-16:00,1715.2857142857142,1671.0,1417.857142857143
ศาลาแดง,ราชดำริ,16:00-19:00,1663.0,1395.3333333333333,1781.6666666666667
ศาลาแดง,สีลม,07:00-09:00,1131.5,798.0,895.25
ศาลาแดง,สีลม,09:00-16:00,900.2857142857143,827.4285714285714,1209.4285714285713
ศาลาแดง,สีลม,16:00-19:00,828.0,864.6666666666666,1372.3333333333333
ศิริราช,พรานนก,07:00-09:00,1208.5,1159.5,955.0
สวนรื่นฤดี,สุโขทัย,07:00-09:00,1877.0,1219.5,1303.0
สะพานขาว,กรุงเกษม,07:00-09:00,1201.5,1107.0,881.25
สะพานขาว,กรุงเกษม,09:00-16:00,1861.142857142857,1498.0,1261.5714285714287
สะพานขาว,กรุงเกษม,16:00-19:00,1604.6666666666667,1541.0,1192.6666666666667
สะพานขาว,หลานหลวง,07:00-09:00,2719.5,2367.5,2847.75
สะพานขาว,หลานหลวง,09:00-16:00,2605.5714285714284,2173.714285714286,2677.0
สะพานขาว,หลานหลวง,16:00-19:00,2569.3333333333335,2204.6666666666665,2508.0
สะพานควาย,ประดิพัทธ์,07:00-09:00,1052.5,1007.25,733.5
สะพานควาย,พหลโยธิน,07:00-09:00,2770.0,3220.25,2524.75
สะพานควาย,สุทธิสาร,07:00-09:00,1079.5,842.75,703.25
สะพานดำ,กำแพงเพชร5,07:00-09:00,2.5,3.0,0.5
สะพานดำ,พระรามที่6,07:00-09:00,2088.5,1622.0,1496.0
สะพานเหลือง,บรรทัดทอง,07:00-09:00,747.0,661.5,481.0
สะพานเหลือง,พระรามที่4,07:00-09:00,4466.25,2541.0,4418.0
สะพานแดง,ทหาร,07:00-09:00,1085.25,805.0,789.0
สะพานแดง,ทหาร,09:00-16:00,688.5,628.5714285714286,613.0
สะพานแดง,ทหาร,16:00-19:00,827.0,748.0,661.3333333333334
สะพานแดง,ประดิพัทธ์,07:00-09:00,462.5,409.0,563.5
สะพานแดง,ประดิพัทธ์,09:00-16:00,452.6428571428571,418.57142857142856,646.4285714285714
สะพานแดง,ประดิพัทธ์,16:00-19:00,686.8333333333334,522.3333333333334,656.3333333333334
สะพานแดง,พระรามที่5,07:00-09:00,427.0,385.5,518.0
สะพานแดง,พระรามที่5,09:00-16:00,509.2142857142857,618.4285714285714,676.1428571428571
สะพานแดง,พระรามที่5,16:00-19:00,625.6666666666666,647.0,1157.6666666666667
สะพานแดง,เตชะวณิช,07:00-09:00,1240.0,1190.0,1362.0
สะพานแดง,เตชะวณิช,09:00-16:00,1006.5714285714286,911.5714285714286,695.0
สะพานแดง,เตชะวณิช,16:00-19:00,871.0,778.3333333333334,604.0
สาทร-นราธิวาส,สาทร,07:00-09:00,5768.0,3944.5,4303.0
สาทร-นราธิวาส,สาทร,09:00-16:00,4696.428571428572,3969.714285714286,4523.285714285715
สาทร-นราธิวาส,สาทร,16:00-19:00,4325.0,4349.333333333333,4550.0
สาทร-สุรศักดิ์,สาทร,09:00-16:00,4917.571428571428,4523.714285714285,1839.5714285714287
สาทร-สุรศักดิ์,สุรศักดิ์,09:00-16:00,2092.8571428571427,1705.142857142857,997.2857142857143
สาทร-สุรศักดิ์,เจริญราษฎร์,07:00-09:00,1102.0,1450.5,2319.0
สาทร-สุรศักดิ์,เจริญราษฎร์,09:00-16:00,1224.142857142857,1361.7142857142858,354.85714285714283
สาทร-สุรศักดิ์,เจริญราษฎร์,16:00-19:00,1191.3333333333333,1492.3333333333333,799.6666666666666
สาทร-เจริญกรุง,สาทร,07:00-09:00,1113.5,286.0,874.0
สาทร-เจริญกรุง,สาทร,09:00-16:00,926.0,513.5,809.1428571428571
สาทร-เจริญกรุง,สาทร,16:00-19:00,607.0,334.0,835.0
สาทร-เจริญกรุง,เจริญกรุง,07:00-09:00,1414.5,1034.0,1034.0
สาทร-เจริญกรุง,เจริญกรุง,09:00-16:00,1268.857142857143,1266.0714285714284,1177.2857142857142
สาทร-เจริญกรุง,เจริญกรุง,16:00-19:00,1368.0,1258.3333333333333,1243.0
สาธุ-จันทน์,จันทน์,07:00-09:00,1702.75,1404.5,1009.5
สาธุ-จันทน์,สาธุประดิษฐ์,07:00-09:00,635.5,623.0,843.25
สาธุประดิษฐ์,พระรามที่3,07:00-09:00,5718.0,4722.0,4149.0
สาธุประดิษฐ์,พระรามที่3,09:00-16:00,5183.785714285714,3989.714285714286,3704.714285714286
สาธุประดิษฐ์,พระรามที่3,16:00-19:00,5670.333333333333,3643.0,4319.0
สาธุประดิษฐ์,สาธุประดิษฐ์,09:00-16:00,560.0714285714286,637.2857142857143,427.7142857142857
สามยอด,มหาไชย,07:00-09:00,3275.0,2319.0,2805.25
สามยอด,มหาไชย,09:00-16:00,2871.8571428571427,1974.4285714285716,2272.0
สามยอด,มหาไชย,16:00-19:00,2084.0,1874.8333333333335,2176.6666666666665
สามยอด,เจริญกรุง,07:00-09:00,1190.0,1120.75,1518.75
สามยอด,เจริญกรุง,09:00-16:00,870.4285714285714,886.2142857142858,1185.2857142857142
สามยอด,เจริญกรุง,16:00-19:00,667.6666666666666,825.5,893.6666666666666
สามเสน,นครไชยศรี,07:00-09:00,955.25,1060.0,932.5
สามเสน,สวรรคโลก,07:00-09:00,851.25,1148.75,823.5
สามเสน,เทอดดำริ,07:00-09:00,876.25,764.25,849.5
สามเหลี่ยมดินแดง,ดินแดง,07:00-09:00,2431.0,3217.0,3242.25
สามเหลี่ยมดินแดง,ดินแดง,09:00-16:00,2433.5714285714284,2603.714285714286,2942.8571428571427
สามเหลี่ยมดินแดง,ดินแดง,16:00-19:00,1374.6666666666667,2238.6666666666665,1771.6666666666667
สามเหลี่ยมดินแดง,ราชปรารภ,07:00-09:00,2789.0,2680.5,1970.25
สามเหลี่ยมดินแดง,ราชปรารภ,09:00-16:00,2297.0,2311.4285714285716,1715.7142857142858
สามเหลี่ยมดินแดง,ราชปรารภ,16:00-19:00,3304.6666666666665,3088.0,2199.0
สามเหลี่ยมดินแดง,ราชวิถี,07:00-09:00,1087.0,1056.0,1041.75
สามเหลี่ยมดินแดง,ราชวิถี,09:00-16:00,1027.2857142857142,1270.2857142857142,699.8571428571429
สามเหลี่ยมดินแดง,ราชวิถี,16:00-19:00,1188.0,1313.3333333333333,1301.0
สามแยกบางกะปิ,ลาดพร้าว,07:00-09:00,2281.5,2605.0,1799.0
สามแยกบางกะปิ,ศรีนครินทร์,07:00-09:00,768.5,558.0,945.5
สีลม-นราธิวาส,นราธิวาสราชนครินทร์,07:00-09:00,2428.5,2041.5,2016.0
สีลม-นราธิวาส,สีลม,07:00-09:00,2362.5,2199.5,1899.0
สี่กั๊กเสาชิงช้า,ตะนาว,07:00-09:00,183.0,177.5,293.75
สี่กั๊กเสาชิงช้า,ตะนาว,09:00-16:00,249.28571428571428,196.42857142857142,279.57142857142856
สี่กั๊กเสาชิงช้า,ตะนาว,16:00-19:00,190.0,154.33333333333334,126.66666666666667
สี่กั๊กเสาชิงช้า,บำรุงเมือง,07:00-09:00,1017.0,707.5,765.0
สี่กั๊กเสาชิงช้า,บำรุงเมือง,09:00-16:00,1004.0,398.57142857142856,570.0
สี่กั๊กเสาชิงช้า,เฟื่องนคร,07:00-09:00,884.5,268.0,442.0
สี่กั๊กเสาชิงช้า,เฟื่องนคร,09:00-16:00,801.7142857142857,296.57142857142856,523.7142857142857
สี่กั๊กเสาชิงช้า,เฟื่องนคร,16:00-19:00,439.0,283.0,366.0
สี่พระยา,สี่พระยา,09:00-16:00,275.7142857142857,125.14285714285714,202.14285714285714
สี่พระยา,เจริญกรุง,09:00-16:00,2049.714285714286,1897.5714285714287,2229.0
สุขาภิบาล5-จตุโชติ,สุขาภิบาล5,07:00-09:00,2292.5,2654.0,2622.0
สุขาภิบาล5-จตุโชติ,สุขาภิบาล5,09:00-16:00,2099.5714285714284,2788.8571428571427,2448.0
สุขาภิบาล5-จตุโชติ,สุขาภิบาล5,16:00-19:00,2424.3333333333335,2331.0,2204.3333333333335
สุขุมวิท-พระรามที่4,พระรามที่4,07:00-09:00,389.25,438.5,734.0
สุขุมวิท-พระรามที่4,พระรามที่4,09:00-16:00,717.5714285714286,642.7142857142857,791.0
สุขุมวิท-พระรามที่4,พระรามที่4,16:00-19:00,797.3333333333334,624.6666666666666,985.3333333333334
สุขุมวิท-พระรามที่4,สุขุมวิท,07:00-09:00,4410.5,3763.0,4094.0
สุขุมวิท-พระรามที่4,สุขุมวิท,09:00-16:00,4396.357142857143,4402.571428571428,3949.0
สุขุมวิท-พระรามที่4,สุขุมวิท,16:00-19:00,4525.5,5006.0,4070.3333333333335
สุขุมวิท24,สุขุมวิท,07:00-09:00,2456.0,3637.0,2732.5
สุทธิสาร,รัชดาภิเษก,07:00-09:00,6144.5,4322.5,6755.5
สุทธิสาร,รัชดาภิเษก,09:00-16:00,5318.714285714286,4279.285714285715,6582.142857142857
สุทธิสาร,รัชดาภิเษก,16:00-19:00,5585.5,4054.333333333333,6477.0
สุทธิสาร,สุทธิสารวินิจฉัย,07:00-09:00,1539.75,1283.5,1293.0
สุทธิสาร,สุทธิสารวินิจฉัย,09:00-16:00,1219.857142857143,1218.4285714285713,1016.2857142857143
สุทธิสาร,สุทธิสารวินิจฉัย,16:00-19:00,1188.5,1243.3333333333333,1072.6666666666667
สุทธิสาร-วิภาวดีรังสิต,วิภาวดีรังสิต,07:00-09:00,14342.25,2294.0,14126.0
สุทธิสาร-วิภาวดีรังสิต,สุทธิสาร,07:00-09:00,2800.0,1896.5,2403.5
สุวินทวงศ์-ราษฎร์อุทิศ,ราษฎร์อุทิศ,07:00-09:00,1349.0,1500.0,1505.0
สุวินทวงศ์-ราษฎร์อุทิศ,สุวินทวงศ์,07:00-09:00,3585.5,2387.0,3235.5
สุโขทัย,พระรามที่5,07:00-09:00,2219.5,1634.5,1666.75
สุโขทัย,พระรามที่5,09:00-16:00,1504.5714285714284,1123.857142857143,1303.0
สุโขทัย,พระรามที่5,16:00-19:00,1376.6666666666667,1414.6666666666667,1331.6666666666667
สุโขทัย,สุโขทัย,07:00-09:00,1428.5,1512.0,1506.0
สุโขทัย,สุโขทัย,09:00-16:00,1498.7142857142858,1515.4285714285713,1774.0
สุโขทัย,สุโขทัย,16:00-19:00,1461.3333333333335,1442.0,1946.5
หทัยราษฎร์-เลียบคลองสอง,หทัยราษฎร์,07:00-09:00,3182.0,2571.5,2921.0
หทัยราษฎร์-เลียบคลองสอง,หทัยราษฎร์,09:00-16:00,2510.8571428571427,2416.5,2509.714285714286
หทัยราษฎร์-เลียบคลองสอง,หทัยราษฎร์,16:00-19:00,2473.6666666666665,2352.6666666666665,2388.6666666666665
หทัยราษฎร์-เลียบคลองสอง,เลียบคลองสอง,07:00-09:00,1183.5,980.75,972.5
หทัยราษฎร์-เลียบคลองสอง,เลียบคลองสอง,09:00-16:00,792.4285714285714,992.0,884.7142857142857
หทัยราษฎร์-เลียบคลองสอง,เลียบคลองสอง,16:00-19:00,1078.6666666666667,989.1666666666666,999.0
หมอมี,พระรามที่4,07:00-09:00,516.75,356.5,597.5
หมอมี,เจริญกรุง,07:00-09:00,2074.0,1324.5,1308.5
หมอเหล็ง,จตุรทิศ,07:00-09:00,604.5,59.0,2371.0
หมอเหล็ง,ราชปรารภ,07:00-09:00,1987.5,1812.5,1373.0
หมอเหล็ง,ศรีอยุธยา,07:00-09:00,5655.0,2307.0,2482.75
หมู่บ้านสหกรณ์,ทางเข้าหมู่บ้านสหกรณ์,07:00-09:00,396.5,313.0,385.5
หมู่บ้านสหกรณ์,เสรีไทย,07:00-09:00,4705.5,3179.0,3412.75
หมู่บ้านเศรษฐกิจ,เพชรเกษม,07:00-09:00,6191.0,5940.0,6051.5
หมู่บ้านเศรษฐกิจ,เพชรเกษม,09:00-16:00,6058.928571428572,5847.428571428572,6118.571428571428
หมู่บ้านเศรษฐกิจ,เพชรเกษม,16:00-19:00,5450.666666666666,5953.666666666667,5633.666666666667
หลักสี่,กำแพงเพชร6,07:00-09:00,1756.0,1794.5,1061.5
หลักสี่,แจ้งวัฒนะ,07:00-09:00,3428.75,2885.0,2450.0
หลังสวน,สารสิน,07:00-09:00,1154.5,929.0,1103.0
หลังสวน,หลังสวน,07:00-09:00,756.0,1061.5,1253.0
หลานหลวง,จักรพรรดิพงษ์,09:00-16:00,1262.2857142857142,1038.5714285714287,843.4285714285714
หลานหลวง,หลานหลวง,09:00-16:00,2673.285714285714,3206.8571428571427,1923.7142857142858
หัวลำโพง,พระรามที่4,07:00-09:00,5400.75,2285.0,4409.25
หัวลำโพง,มหาพฤฒาราม,07:00-09:00,483.5,431.0,869.75
ห้วยขวาง,ประชาราษฎร์บำเพ็ญ,07:00-09:00,992.5,827.0,1163.0
ห้วยขวาง,ประชาราษฎร์บำเพ็ญ,09:00-16:00,869.2857142857142,910.0,817.1428571428571
ห้วยขวาง,ประชาราษฎร์บำเพ็ญ,16:00-19:00,739.0,921.0,737.0
ห้วยขวาง,ประชาสงเคราะห์,07:00-09:00,641.0,1010.5,485.25
ห้วยขวาง,ประชาสงเคราะห์,09:00-16:00,490.07142857142856,902.0,507.85714285714283
ห้วยขวาง,ประชาสงเคราะห์,16:00-19:00,523.1666666666666,781.8333333333334,699.6666666666666
ห้วยขวาง,รัชดาภิเษก,07:00-09:00,6511.5,3306.75,6106.0
ห้วยขวาง,รัชดาภิเษก,09:00-16:00,6216.928571428571,3462.3571428571427,5651.857142857143
ห้วยขวาง,รัชดาภิเษก,16:00-19:00,6602.0,4218.5,5942.0
อ.ส.ม.ท.,พระราม9,07:00-09:00,3606.25,2509.0,2968.5
อ.ส.ม.ท.,เพชรอุทัย,07:00-09:00,1023.75,646.0,836.0
อนามัย,พลับพลาไชย,07:00-09:00,879.0,830.0,505.0
อังรีดูนังต์,พระรามที่4,07:00-09:00,4304.0,2553.5,3604.0
อังรีดูนังต์,พระรามที่4,09:00-16:00,4465.428571428572,2829.0,3718.285714285714
อังรีดูนังต์,พระรามที่4,16:00-19:00,3399.0,2654.3333333333335,4122.0
อังรีดูนังต์,สุรวงศ์,07:00-09:00,704.5,863.5,697.5
อังรีดูนังต์,สุรวงศ์,09:00-16:00,806.0,769.5714285714286,713.2857142857143
อังรีดูนังต์,สุรวงศ์,16:00-19:00,738.6666666666666,613.3333333333334,740.3333333333334
อังรีดูนังต์,อังรีดูนังต์,07:00-09:00,1230.0,1296.0,1359.5
อังรีดูนังต์,อังรีดูนังต์,09:00-16:00,1142.7142857142858,1330.0,1125.142857142857
อังรีดูนังต์,อังรีดูนังต์,16:00-19:00,1234.0,1225.3333333333333,1237.3333333333333
อุณากรรณ,อุณากรรณ,07:00-09:00,571.25,505.5,303.0
อุณากรรณ,เจริญกรุง,07:00-09:00,1027.5,1348.0,1718.0
อุดมสุข,สุขุมวิท,07:00-09:00,2921.5,3438.0,3736.25
อุภัยเจษฎุทิศ,ราชวิถี,07:00-09:00,1524.5,1830.5,1669.75
อุภัยเจษฎุทิศ,ราชวิถี,09:00-16:00,1539.2857142857142,1753.857142857143,1389.4285714285713
อุภัยเจษฎุทิศ,ราชวิถี,16:00-19:00,1776.3333333333333,1585.0,1397.3333333333333
อุภัยเจษฎุทิศ,สวรรคโลก,07:00-09:00,1380.0,1509.0,1349.75
อุภัยเจษฎุทิศ,สวรรคโลก,09:00-16:00,1445.142857142857,1092.4285714285713,1130.142857142857
อุภัยเจษฎุทิศ,สวรรคโลก,16:00-19:00,1149.3333333333333,989.0,1246.0
อุรุพงษ์,พระรามที่6,07:00-09:00,4112.5,1576.5,2585.0
อุรุพงษ์,เพชรบุรี,07:00-09:00,4077.5,2045.5,2172.0
อโศกเพชร,อโศก,07:00-09:00,2272.0,2832.0,2016.5
อโศกเพชร,อโศก,09:00-16:00,2310.0,2606.5714285714284,2431.0
อโศกเพชร,อโศก,16:00-19:00,2562.3333333333335,2512.6666666666665,2445.0
อโศกเพชร,เพชรบุรี,07:00-09:00,3785.5,3897.0,3603.0
อโศกเพชร,เพชรบุรี,09:00-16:00,3767.714285714286,3313.0,3129.714285714286
อโศกเพชร,เพชรบุรี,16:00-19:00,4201.0,2484.3333333333335,2846.3333333333335
อ่อนนุช,สุขุมวิท,09:00-16:00,4601.571428571428,4476.142857142857,3338.5714285714284
เกษตร,งามวงศ์วาน,07:00-09:00,5704.0,3166.5,3369.5
เกษตร,พหลโยธิน,07:00-09:00,3447.0,3866.0,3120.25
เกษมราษฎร์,พระรามที่4,07:00-09:00,3797.75,3091.5,3415.75
เกษมราษฎร์,พระรามที่4,09:00-16:00,3885.285714285714,3402.8571428571427,3687.1428571428573
เกษมราษฎร์,พระรามที่4,16:00-19:00,3997.666666666667,3558.6666666666665,4083.6666666666665
เกษมราษฎร์,เกษมราษฎร์,07:00-09:00,581.5,613.5,716.0
เกษมราษฎร์,เกษมราษฎร์,09:00-16:00,634.3571428571429,546.0,727.5714285714286
เกษมราษฎร์,เกษมราษฎร์,16:00-19:00,909.6666666666666,341.6666666666667,438.6666666666667
เกษะโกมล,พระรามที่5,07:00-09:00,2275.0,1628.5,1825.5
เกษะโกมล,พระรามที่5,09:00-16:00,1758.7857142857142,1155.857142857143,1088.5714285714287
เกษะโกมล,พระรามที่5,16:00-19:00,2012.1666666666665,1199.3333333333333,1060.6666666666667
เกษะโกมล,อำนวยสงคราม,07:00-09:00,453.25,325.5,452.5
เกษะโกมล,อำนวยสงคราม,09:00-16:00,392.35714285714283,344.57142857142856,322.2857142857143
เกษะโกมล,อำนวยสงคราม,16:00-19:00,417.16666666666663,218.66666666666666,334.0
เกษะโกมล,เศรษฐศิริ,07:00-09:00,432.75,234.0,407.25
เกษะโกมล,เศรษฐศิริ,09:00-16:00,351.0,268.14285714285717,287.0
เกษะโกมล,เศรษฐศิริ,16:00-19:00,367.33333333333337,323.0,304.6666666666667
เกียกกาย,ทหาร,07:00-09:00,366.5,744.25,687.25
เกียกกาย,ประชาราษฎร์สาย1,07:00-09:00,2340.0,1739.75,1919.25
เกียกกาย,สามเสน,07:00-09:00,855.0,696.0,536.0
เจริญนครใต้,กรุงธนบุรี,07:00-09:00,619.5,805.0,612.0
เจริญนครใต้,เจริญนคร,07:00-09:00,3263.25,2286.5,2699.5
เจริญผล,บรรทัดทอง,07:00-09:00,1809.5,1222.0,1389.0
เจริญผล,พระรามที่1,07:00-09:00,1989.5,1706.75,1899.5
เจริญราษฎร์,พระรามที่3,07:00-09:00,8202.0,5855.0,6917.0
เจริญราษฎร์,พระรามที่3,09:00-16:00,6933.714285714286,5506.571428571428,5675.857142857143
เจริญราษฎร์,พระรามที่3,16:00-19:00,6959.166666666667,5406.333333333333,6106.333333333333
เจริญราษฎร์,เจริญราษฎร์,07:00-09:00,1841.0,1594.5,1232.5
เจริญราษฎร์,เจริญราษฎร์,09:00-16:00,1555.2142857142858,1333.5714285714287,1457.7142857142858
เจริญราษฎร์,เจริญราษฎร์,16:00-19:00,1556.1666666666665,1329.3333333333333,1301.6666666666667
เจ้าคุณทหาร-ฉลองกรุง,ฉลองกรุง,07:00-09:00,2953.5,4436.0,3523.25
เจ้าคุณทหาร-ฉลองกรุง,ฉลองกรุง,09:00-16:00,2767.1428571428573,3338.1428571428573,2958.1428571428573
เจ้าคุณทหาร-ฉลองกรุง,ฉลองกรุง,16:00-19:00,3284.6666666666665,3498.0,3088.3333333333335
เจ้าคุณทหาร-ฉลองกรุง,เจ้าคุณทหาร,07:00-09:00,1849.5,1371.0,1569.25
เจ้าคุณทหาร-ฉลองกรุง,เจ้าคุณทหาร,09:00-16:00,1227.4285714285713,1319.142857142857,1132.0
เจ้าคุณทหาร-ฉลองกรุง,เจ้าคุณทหาร,16:00-19:00,1190.0,1468.6666666666667,1312.6666666666667
เฉลิมกรุง,ตรีเพชร,07:00-09:00,1913.5,988.0,1050.0
เฉลิมกรุง,ตรีเพชร,09:00-16:00,1530.0,1076.2857142857142,1520.142857142857
เฉลิมกรุง,ตรีเพชร,16:00-19:00,1305.0,913.3333333333334,1368.0
เฉลิมกรุง,เจริญกรุง,07:00-09:00,1292.5,779.0,882.0
เฉลิมกรุง,เจริญกรุง,09:00-16:00,1100.5714285714287,643.1428571428571,913.0
เฉลิมกรุง,เจริญกรุง,16:00-19:00,972.3333333333334,578.6666666666666,952.0
เฉลิมเผ่า,พระรามที่1,07:00-09:00,2678.5,2195.0,2583.5
เฉลิมเผ่า,อังรีดูนังต์,07:00-09:00,897.0,633.5,825.0
เฉลิมเผ่า,อังรีดูนังต์,09:00-16:00,941.9285714285714,801.0,1122.0
เฉลิมเผ่า,อังรีดูนังต์,16:00-19:00,756.3333333333334,641.6666666666666,507.3333333333333
เดโช,สีลม,07:00-09:00,2200.0,1777.75,1836.5
เดโช,สีลม,09:00-16:00,2371.4285714285716,1873.4285714285716,1720.5714285714287
เดโช,สีลม,16:00-19:00,1575.0,1289.3333333333335,1322.6666666666667
เดโช,เดโช,07:00-09:00,452.5,291.0,144.5
เดโช,เดโช,09:00-16:00,477.7142857142857,254.64285714285717,164.42857142857142
เดโช,เดโช,16:00-19:00,394.0,216.16666666666666,190.66666666666666
เตาปูน,ประชาราษฎร์,07:00-09:00,1309.5,822.5,1114.25
เตาปูน,ประชาราษฎร์สาย2,07:00-09:00,1537.75,1212.0,1525.5
เทวกรรม,กรุงเกษม,07:00-09:00,1261.25,1144.5,1018.0
เทวกรรม,นครสวรรค์,07:00-09:00,1871.75,2191.5,2030.5
เทอดดำริ,ประดิพัทธ์,07:00-09:00,1344.5,1521.5,1398.25
เทอดดำริ,ประดิพัทธ์,09:00-16:00,1046.142857142857,1242.7142857142858,1313.5714285714287
เทอดดำริ,ประดิพัทธ์,16:00-19:00,1055.3333333333333,1461.0,1334.3333333333333
เทอดดำริ,เทอดดำริ,07:00-09:00,1383.0,1565.0,1237.5
เทอดดำริ,เทอดดำริ,09:00-16:00,1097.4285714285713,1050.7142857142858,694.5714285714286
เทอดดำริ,เทอดดำริ,16:00-19:00,1368.3333333333333,1174.0,811.3333333333334
เทียมร่วมมิตร,รัชดาภิเษก,07:00-09:00,5654.5,4710.0,4593.0
เทียมร่วมมิตร,เทียมร่วมมิตร,07:00-09:00,2732.25,2017.0,1884.5
เทียมร่วมมิตร,เทียมร่วมมิตร,09:00-16:00,1887.2142857142858,1626.857142857143,1576.5714285714287
เทียมร่วมมิตร,เทียมร่วมมิตร,16:00-19:00,1766.3333333333335,1507.6666666666667,1723.3333333333333
เทเวศร์,กรุงเกษม,07:00-09:00,570.0,439.5,338.5
เทเวศร์,กรุงเกษม,09:00-16:00,531.7142857142857,448.2857142857143,242.71428571428572
เทเวศร์,กรุงเกษม,16:00-19:00,314.6666666666667,414.6666666666667,252.33333333333334
เทเวศร์,สามเสน,07:00-09:00,1183.5,1558.0,1167.25
เทเวศร์,สามเสน,09:00-16:00,1241.7142857142858,1117.142857142857,1009.2857142857143
เทเวศร์,สามเสน,16:00-19:00,1290.6666666666667,984.3333333333334,1206.0
เพชรบุรี-ชิดลม,เพชรบุรี,07:00-09:00,4783.25,3794.0,3362.5
เพชรบุรี-ทองหล่อ,เพชรบุรี,07:00-09:00,4228.5,5423.5,3197.75
เพชรพระราม,บรรทัดทอง,09:00-16:00,640.5714285714286,451.0,493.42857142857144
เพชรพระราม,เพชรบุรี,09:00-16:00,4460.0,3662.5714285714284,4383.142857142857
เพชรเกษม-ราชพฤกษ์,ราชพฤกษ์,07:00-09:00,8239.0,8309.5,9688.0
เพชรเกษม-ราชพฤกษ์,เพชรเกษม,07:00-09:00,4847.5,3951.5,4664.5
เพชรเกษม69,เพชรเกษม,07:00-09:00,5237.0,5006.5,4743.0
เพชรเกษม69,เพชรเกษม,09:00-16:00,5909.142857142857,5117.428571428571,4415.571428571428
เพชรเกษม69,เพชรเกษม,16:00-19:00,5827.666666666667,4939.833333333334,4512.0
เพชรเกษม81,เพชรเกษม,09:00-16:00,4929.285714285715,5125.857142857143,5069.285714285715
เพลินจิต,วิทยุ,07:00-09:00,1418.75,1187.5,1339.0
เพลินจิต,เพลินจิต,07:00-09:00,4135.75,3611.5,3236.5
เศรษฐศิริ,เทอดดำริ,07:00-09:00,1125.0,865.5,1619.5
เศรษฐศิริ,เศรษฐศิริ,07:00-09:00,1022.25,755.0,968.0
เสาวณี,ศรีอยุธยา,07:00-09:00,2003.0,1965.0,2303.0
เสาวณี,สวรรคโลก,07:00-09:00,1805.5,1160.25,1365.0
เสือป่า,ราชวงศ์,07:00-09:00,507.0,284.0,383.0
เสือป่า,เจริญกรุง,07:00-09:00,2109.0,1745.0,1737.5
เสือป่า,เสือป่า,07:00-09:00,349.0,228.0,466.0
เสือป่า,เสือป่า,09:00-16:00,414.57142857142856,358.7142857142857,903.8571428571429
เสือป่า,เสือป่า,16:00-19:00,463.0,441.0,969.6666666666666
เอสเอบี,เจริญกรุง,07:00-09:00,2758.0,2630.5,2128.25
แบริ่ง,สุขุมวิท,07:00-09:00,3737.5,3785.0,3755.5
แปลงนาม,พลับพลาไชย,07:00-09:00,62.25,74.5,101.5
แปลงนาม,เจริญกรุง,07:00-09:00,2306.0,1713.0,1477.0
แปลงนาม,แปลงนาม,07:00-09:00,148.25,81.0,68.0
แปลงนาม,แปลงนาม,09:00-16:00,215.64285714285717,86.28571428571429,65.28571428571429
แปลงนาม,แปลงนาม,16:00-19:00,220.0,74.33333333333333,109.0
โพธิ์สามต้น,วังเดิม,07:00-09:00,427.0,333.0,359.25
โพธิ์สามต้น,อิสรภาพ,07:00-09:00,2021.5,1536.0,1740.5
โพธิ์แก้ว,ทางเข้าวัดบางเตย,07:00-09:00,45.0,49.0,62.5
โพธิ์แก้ว,ทางเข้าวัดบางเตย,09:00-16:00,19.928571428571427,28.857142857142858,22.714285714285715
โพธิ์แก้ว,ทางเข้าวัดบางเตย,16:00-19:00,36.166666666666664,37.333333333333336,22.666666666666668
โพธิ์แก้ว,นวมินทร์,07:00-09:00,5453.75,4056.0,4418.25
โพธิ์แก้ว,นวมินทร์,09:00-16:00,4468.642857142857,3863.1428571428573,3777.5714285714284
โพธิ์แก้ว,นวมินทร์,16:00-19:00,4638.5,3698.3333333333335,3742.6666666666665
โพธิ์แก้ว,โพธิ์แก้ว,07:00-09:00,682.75,808.0,693.5
โพธิ์แก้ว,โพธิ์แก้ว,09:00-16:00,725.3571428571429,776.0,774.1428571428571
โพธิ์แก้ว,โพธิ์แก้ว,16:00-19:00,698.3333333333333,636.0,931.0
โรงกรองน้ำ,นครไชยศรี,07:00-09:00,1303.25,1075.0,808.0
โรงกรองน้ำ,พระรามที่6,07:00-09:00,3481.25,2566.75,1999.5
โรงพยาบาลกลาง,หลวง,07:00-09:00,1546.0,1271.0,1157.5
โรงพยาบาลกลาง,เสือป่า,07:00-09:00,435.75,389.0,307.0
ใต้ด่วนพระราม4,ทางด่วน,07:00-09:00,1305.0,1076.5,910.5
ใต้ด่วนพระราม4,ทางด่วน,09:00-16:00,1012.7857142857143,763.5714285714286,727.7142857142857
ใต้ด่วนพระราม4,ทางด่วน,16:00-19:00,970.6666666666666,525.3333333333334,543.3333333333334
ใต้ด่วนพระราม4,พระรามที่4,07:00-09:00,4839.5,4884.5,4833.0
ใต้ด่วนพระราม4,พระรามที่4,09:00-16:00,5600.0,5534.285714285715,5756.571428571428
ใต้ด่วนพระราม4,พระรามที่4,16:00-19:00,7300.666666666666,6071.0,6815.666666666667
ใต้ด่วนพระราม4,เชื้อเพลิง,07:00-09:00,1098.0,1471.5,1602.0
ใต้ด่วนพระราม4,เชื้อเพลิง,09:00-16:00,1411.0,1339.857142857143,1457.5714285714287
ใต้ด่วนพระราม4,เชื้อเพลิง,16:00-19:00,1227.0,1395.3333333333333,1502.6666666666667
ไฟฉาย,จรัญสนิทวงศ์,07:00-09:00,1941.0,2104.25,3459.5
ไฟฉาย,จรัญสนิทวงศ์,09:00-16:00,1884.857142857143,1970.357142857143,3091.5714285714284
ไฟฉาย,จรัญสนิทวงศ์,16:00-19:00,1367.3333333333333,2451.666666666667,3332.6666666666665
ไฟฉาย,พรานนก,07:00-09:00,2456.0,933.75,855.5
ไฟฉาย,พรานนก,09:00-16:00,2006.142857142857,1073.642857142857,1001.8571428571429
ไฟฉาย,พรานนก,16:00-19:00,1584.0,1241.1666666666665,1316.3333333333333
