intersection_key,road_key,time_key,0,1
จันทน์-นราธิวาส,จันทน์,09:00-16:00,951.0,937.1428571428571
จันทน์-นราธิวาส,จันทน์,16:00-19:00,930.3333333333334,904.3333333333334
จันทน์-นราธิวาส,นราธิวาสราชนครินทร์,09:00-16:00,2406.0,2407.714285714286
จันทน์-นราธิวาส,นราธิวาสราชนครินทร์,16:00-19:00,2522.3333333333335,2047.3333333333333
ถนนตก,พระรามที่3,07:00-09:00,2557.5,3890.5
ถนนตก,พระรามที่3,09:00-16:00,2289.0,2842.1428571428573
ถนนตก,พระรามที่3,16:00-19:00,2103.6666666666665,3259.6666666666665
ถนนตก,เจริญกรุง,07:00-09:00,1323.5,723.5
ถนนตก,เจริญกรุง,09:00-16:00,1143.142857142857,598.8571428571429
ถนนตก,เจริญกรุง,16:00-19:00,1013.6666666666666,489.3333333333333
ท่าพระ,จรัญสนิทวงศ์,07:00-09:00,1596.5,1141.0
ท่าพระ,จรัญสนิทวงศ์,09:00-16:00,1529.0,1402.5714285714287
ท่าพระ,จรัญสนิทวงศ์,16:00-19:00,1421.3333333333333,1326.0
ท่าพระ,รัชดาภิเษก,09:00-16:00,975.8571428571429,1003.7142857142857
ท่าพระ,เพชรเกษม,09:00-16:00,3341.5714285714284,2872.4285714285716
บางขุนนนท์,จรัญสนิทวงศ์,07:00-09:00,3770.0,2338.0
บางขุนนนท์,จรัญสนิทวงศ์,09:00-16:00,3633.8571428571427,2115.5714285714284
บางขุนนนท์,จรัญสนิทวงศ์,16:00-19:00,2391.3333333333335,2170.0
บางขุนนนท์,ซอยจรัญสนิทวงศ์32,09:00-16:00,29.142857142857142,19.142857142857142
บางขุนนนท์,บางกอกน้อยตลิ่งชัน,09:00-16:00,663.7142857142857,533.1428571428571
บางยี่เรือ,เทอดไท,07:00-09:00,565.5,1208.5
บางยี่เรือ,เทอดไท,09:00-16:00,372.2857142857143,1397.2857142857142
บางยี่เรือ,เทอดไท,16:00-19:00,371.0,1366.0
บางโพ,ประชาราษฎร์สาย1,07:00-09:00,1799.5,1877.5
บางโพ,ประชาราษฎร์สาย1,09:00-16:00,1959.4285714285713,1850.2857142857142
บางโพ,ประชาราษฎร์สาย1,16:00-19:00,1900.3333333333333,2028.3333333333333
บางโพ,ประชาราษฎร์สาย2,07:00-09:00,784.0,601.0
บางโพ,ประชาราษฎร์สาย2,09:00-16:00,923.8571428571429,752.2857142857143
บางโพ,ประชาราษฎร์สาย2,16:00-19:00,761.0,728.6666666666666
บุคคโล,เจริญนคร,07:00-09:00,2503.5,2773.0
บุคคโล,เจริญนคร,09:00-16:00,2399.8571428571427,2880.285714285714
บุคคโล,เจริญนคร,16:00-19:00,2938.6666666666665,2890.0
บ้านแขก,ประชาธิปก,07:00-09:00,4081.5,3451.5
บ้านแขก,ประชาธิปก,09:00-16:00,4299.0,2867.4285714285716
บ้านแขก,ประชาธิปก,16:00-19:00,3976.0,3818.6666666666665
บ้านแขก,อิสรภาพ,07:00-09:00,1128.5,886.5
บ้านแขก,อิสรภาพ,09:00-16:00,1021.7142857142857,812.2857142857143
บ้านแขก,อิสรภาพ,16:00-19:00,1137.0,902.6666666666666
ประชาชื่น,ประชาชื่น,07:00-09:00,1269.5,1377.0
ประชาชื่น,ประชาชื่น,09:00-16:00,1129.857142857143,795.1428571428571
ประชาชื่น,ประชาชื่น,16:00-19:00,659.6666666666666,542.3333333333334
ประชานุกูล,ประชาชื่น,07:00-09:00,2452.5,2870.0
ประชานุกูล,ประชาชื่น,09:00-16:00,2725.5714285714284,2589.0
ประชานุกูล,ประชาชื่น,16:00-19:00,2545.3333333333335,2055.3333333333335
ประดิพัทธ์,ประดิพัทธ์,07:00-09:00,1378.5,1501.75
ประดิพัทธ์,ประดิพัทธ์,09:00-16:00,1415.0714285714284,1213.357142857143
ประดิพัทธ์,ประดิพัทธ์,16:00-19:00,1371.5,1194.6666666666667
ประดิพัทธ์,พระรามที่6,07:00-09:00,2200.25,1696.0
ประดิพัทธ์,พระรามที่6,09:00-16:00,2092.142857142857,1558.142857142857
ประดิพัทธ์,พระรามที่6,16:00-19:00,2230.1666666666665,1561.0
วิสุทธิกษัตริย์,ประชาธิปไตย,07:00-09:00,593.5,905.5
วิสุทธิกษัตริย์,ประชาธิปไตย,09:00-16:00,712.1428571428571,743.0
วิสุทธิกษัตริย์,ประชาธิปไตย,16:00-19:00,621.3333333333334,475.3333333333333
วิสุทธิกษัตริย์,วิสุทธิกษัตริย์,07:00-09:00,3188.0,1704.5
วิสุทธิกษัตริย์,วิสุทธิกษัตริย์,09:00-16:00,2253.8571428571427,1143.0
วิสุทธิกษัตริย์,วิสุทธิกษัตริย์,16:00-19:00,1438.6666666666667,1022.0
สรงประภา-นาวงศ์ประชาพัฒนา,นาวงศ์ประชาพัฒนา,07:00-09:00,683.5,620.5
สรงประภา-นาวงศ์ประชาพัฒนา,นาวงศ์ประชาพัฒนา,09:00-16:00,863.4285714285714,727.2857142857143
สรงประภา-นาวงศ์ประชาพัฒนา,นาวงศ์ประชาพัฒนา,16:00-19:00,993.6666666666666,861.6666666666666
สรงประภา-นาวงศ์ประชาพัฒนา,สรงประภา,07:00-09:00,2969.0,1857.0
สรงประภา-นาวงศ์ประชาพัฒนา,สรงประภา,09:00-16:00,2448.5714285714284,2055.285714285714
สรงประภา-นาวงศ์ประชาพัฒนา,สรงประภา,16:00-19:00,2531.6666666666665,2596.0
สามเสน,นครไชยศรี,07:00-09:00,1013.0,1107.0
สามเสน,นครไชยศรี,09:00-16:00,908.2857142857143,1145.7142857142858
สามเสน,นครไชยศรี,16:00-19:00,885.0,1098.3333333333333
สามเสน,สวรรคโลก,07:00-09:00,1200.5,1097.0
สามเสน,สวรรคโลก,09:00-16:00,1158.142857142857,1140.0
สามเสน,สวรรคโลก,16:00-19:00,896.3333333333334,1095.0
สามเสน,เทอดดำริ,07:00-09:00,890.0,638.5
สามเสน,เทอดดำริ,09:00-16:00,595.0,555.1428571428571
สามเสน,เทอดดำริ,16:00-19:00,706.6666666666666,478.3333333333333
สุรศักดิ์,มเหสักข์,07:00-09:00,708.0,958.0
สุรศักดิ์,มเหสักข์,09:00-16:00,870.0,766.4285714285714
สุรศักดิ์,มเหสักข์,16:00-19:00,739.0,628.3333333333334
สุรศักดิ์,สีลม,07:00-09:00,2584.5,2096.0
สุรศักดิ์,สีลม,09:00-16:00,2378.4285714285716,2191.8571428571427
สุรศักดิ์,สีลม,16:00-19:00,2243.3333333333335,1977.6666666666667
หน้าธนาคารแห่งประเทศไทย,สามเสน,07:00-09:00,1137.0,686.0
หน้าธนาคารแห่งประเทศไทย,สามเสน,09:00-16:00,944.5714285714286,584.2142857142858
หน้าธนาคารแห่งประเทศไทย,สามเสน,16:00-19:00,660.0,532.0
หน้ารพ.พญาไท2,พหลโยธิน,07:00-09:00,1783.0,2148.5
หน้ารพ.พญาไท2,พหลโยธิน,09:00-16:00,2267.1428571428573,2496.1428571428573
หน้ารพ.พญาไท2,พหลโยธิน,16:00-19:00,2735.6666666666665,2892.6666666666665
หน้ารพ.รามาธิบดี,พระรามที่6,07:00-09:00,3578.0,3272.5
หน้ารพ.รามาธิบดี,พระรามที่6,09:00-16:00,3178.5714285714284,3119.5714285714284
หน้ารพ.รามาธิบดี,พระรามที่6,16:00-19:00,3424.0,2556.3333333333335
หมอเหล็ง,จตุรทิศ,09:00-16:00,357.85714285714283,59.42857142857143
หมอเหล็ง,ราชปรารภ,09:00-16:00,1608.2857142857142,2020.2857142857142
หมอเหล็ง,ศรีอยุธยา,07:00-09:00,3874.0,740.0
หมอเหล็ง,ศรีอยุธยา,09:00-16:00,4143.428571428572,781.1428571428571
หมอเหล็ง,ศรีอยุธยา,16:00-19:00,5641.0,798.6666666666666
ห้วยขวาง,ประชาสงเคราะห์,07:00-09:00,1525.0,496.0
ห้วยขวาง,ประชาสงเคราะห์,09:00-16:00,1339.5714285714287,464.42857142857144
ห้วยขวาง,ประชาสงเคราะห์,16:00-19:00,1169.6666666666667,394.0
ห้วยขวาง,รัชดาภิเษก,07:00-09:00,5827.0,786.5
ห้วยขวาง,รัชดาภิเษก,09:00-16:00,5765.571428571428,1159.142857142857
ห้วยขวาง,รัชดาภิเษก,16:00-19:00,7238.666666666667,1198.3333333333333
เดโช,สีลม,07:00-09:00,2003.0,1552.5
เดโช,สีลม,09:00-16:00,2027.142857142857,1719.7142857142858
เดโช,สีลม,16:00-19:00,1162.6666666666667,1416.0
เดโช,เดโช,07:00-09:00,311.0,271.0
เดโช,เดโช,09:00-16:00,278.14285714285717,231.14285714285714
เดโช,เดโช,16:00-19:00,248.66666666666666,183.66666666666666
เตาปูน,ซอยน้ำชัย,07:00-09:00,9.5,4.0
เตาปูน,ซอยน้ำชัย,09:00-16:00,10.0,3.2857142857142856
เตาปูน,ซอยน้ำชัย,16:00-19:00,15.333333333333334,2.6666666666666665
เตาปูน,ประชาราษฎร์สาย2,07:00-09:00,1383.0,1041.0
เตาปูน,ประชาราษฎร์สาย2,09:00-16:00,1485.7142857142858,1329.2857142857142
เตาปูน,ประชาราษฎร์สาย2,16:00-19:00,1828.0,1521.6666666666667
เสาวณี,ศรีอยุธยา,07:00-09:00,2095.5,1834.5
เสาวณี,ศรีอยุธยา,09:00-16:00,2216.8571428571427,2002.0
เสาวณี,ศรีอยุธยา,16:00-19:00,2065.3333333333335,1876.3333333333333
เสาวณี,สวรรคโลก,07:00-09:00,1233.0,1087.5
เสาวณี,สวรรคโลก,09:00-16:00,1075.5714285714287,1034.4285714285713
เสาวณี,สวรรคโลก,16:00-19:00,1355.3333333333333,1212.0
โพธิ์สามต้น,วังเดิม,07:00-09:00,289.0,377.0
โพธิ์สามต้น,วังเดิม,09:00-16:00,327.42857142857144,336.0
โพธิ์สามต้น,วังเดิม,16:00-19:00,347.6666666666667,294.6666666666667
โพธิ์สามต้น,อิสรภาพ,07:00-09:00,1750.5,1321.5
โพธิ์สามต้น,อิสรภาพ,09:00-16:00,1297.0,1236.857142857143
โพธิ์สามต้น,อิสรภาพ,16:00-19:00,1307.6666666666667,1312.0
โรงกรองน้ำ,นครไชยศรี,07:00-09:00,1200.5,949.5
โรงกรองน้ำ,นครไชยศรี,09:00-16:00,965.0714285714287,680.8571428571429
โรงกรองน้ำ,นครไชยศรี,16:00-19:00,793.3333333333334,631.0
โรงกรองน้ำ,พระรามที่6,07:00-09:00,2734.0,2399.5
โรงกรองน้ำ,พระรามที่6,09:00-16:00,2287.142857142857,2266.4285714285716
โรงกรองน้ำ,พระรามที่6,16:00-19:00,2543.0,2386.0
ใกล้วัดดิสหงษาราม,เพชรบุรี,07:00-09:00,3333.5,2528.5
ใกล้วัดดิสหงษาราม,เพชรบุรี,09:00-16:00,2752.1428571428573,1994.0
ใกล้วัดดิสหงษาราม,เพชรบุรี,16:00-19:00,2733.6666666666665,1970.6666666666667
